device_id,release_date,release_year,release_quarter,release_date_source,launch_price,launch_price_currency,launch_price_status,launch_price_source,observed_at,verification_status
espressif::esp-wroom-02-n2,2017-09-01,2017,Q3,https://products.espressif.com/#/product-comparison,2.7,USD,official_product_selector_listed_price,https://products.espressif.com/#/product-comparison,2026-08-30T10:14:12+00:00,manufacturer_product_selector_snapshot
espressif::esp-wroom-02-n4,2017-09-01,2017,Q3,https://products.espressif.com/#/product-comparison,,,,,2026-08-30T10:14:12+00:00,manufacturer_product_selector_snapshot
espressif::esp-wroom-02d-h2,2018-12-01,2018,Q4,https://products.espressif.com/#/product-comparison,3.4,USD,official_product_selector_listed_price,https://products.espressif.com/#/product-comparison,2026-08-30T10:14:12+00:00,manufacturer_product_selector_snapshot
espressif::esp-wroom-02d-n2,2017-09-01,2017,Q3,https://products.espressif.com/#/product-comparison,3.0,USD,official_product_selector_listed_price,https://products.espressif.com/#/product-comparison,2026-08-30T10:14:12+00:00,manufacturer_product_selector_snapshot
espressif::esp-wroom-02d-n4,2017-09-01,2017,Q3,https://products.espressif.com/#/product-comparison,3.2,USD,official_product_selector_listed_price,https://products.espressif.com/#/product-comparison,2026-08-30T10:14:12+00:00,manufacturer_product_selector_snapshot
espressif::esp-wroom-02u-h2,2018-12-01,2018,Q4,https://products.espressif.com/#/product-comparison,,,,,2026-08-30T10:14:12+00:00,manufacturer_product_selector_snapshot
espressif::esp-wroom-02u-n2,2017-09-01,2017,Q3,https://products.espressif.com/#/product-comparison,3.2,USD,official_product_selector_listed_price,https://products.espressif.com/#/product-comparison,2026-08-30T10:14:12+00:00,manufacturer_product_selector_snapshot
espressif::esp-wroom-02u-n4,2017-09-01,2017,Q3,https://products.espressif.com/#/product-comparison,3.3,USD,official_product_selector_listed_price,https://products.espressif.com/#/product-comparison,2026-08-30T10:14:12+00:00,manufacturer_product_selector_snapshot
espressif::esp-wroom-s2-n2,2017-09-01,2017,Q3,https://products.espressif.com/#/product-comparison,,,,,2026-08-30T10:14:12+00:00,manufacturer_product_selector_snapshot
espressif::esp32-c3,2020-12-01,2020,Q4,https://products.espressif.com/#/product-comparison,1.0,USD,official_product_selector_listed_price,https://products.espressif.com/#/product-comparison,2026-08-30T10:14:12+00:00,manufacturer_product_selector_snapshot
espressif::esp32-c3-mini-1-h4,2021-01-01,2021,Q1,https://products.espressif.com/#/product-comparison,1.9,USD,official_product_selector_listed_price,https://products.espressif.com/#/product-comparison,2026-08-30T10:14:12+00:00,manufacturer_product_selector_snapshot
espressif::esp32-c3-mini-1-h4x,2024-06-01,2024,Q2,https://products.espressif.com/#/product-comparison,1.9,USD,official_product_selector_listed_price,https://products.espressif.com/#/product-comparison,2026-08-30T10:14:12+00:00,manufacturer_product_selector_snapshot
espressif::esp32-c3-mini-1-h8x,2024-06-01,2024,Q2,https://products.espressif.com/#/product-comparison,,,,,2026-08-30T10:14:12+00:00,manufacturer_product_selector_snapshot
espressif::esp32-c3-mini-1-n4,2021-01-01,2021,Q1,https://products.espressif.com/#/product-comparison,1.8,USD,official_product_selector_listed_price,https://products.espressif.com/#/product-comparison,2026-08-30T10:14:12+00:00,manufacturer_product_selector_snapshot
espressif::esp32-c3-mini-1-n4x,2024-06-01,2024,Q2,https://products.espressif.com/#/product-comparison,1.8,USD,official_product_selector_listed_price,https://products.espressif.com/#/product-comparison,2026-08-30T10:14:12+00:00,manufacturer_product_selector_snapshot
espressif::esp32-c3-mini-1u-h4,2021-01-01,2021,Q1,https://products.espressif.com/#/product-comparison,1.95,USD,official_product_selector_listed_price,https://products.espressif.com/#/product-comparison,2026-08-30T10:14:12+00:00,manufacturer_product_selector_snapshot
espressif::esp32-c3-mini-1u-h4x,2024-11-20,2024,Q4,https://products.espressif.com/#/product-comparison,1.95,USD,official_product_selector_listed_price,https://products.espressif.com/#/product-comparison,2026-08-30T10:14:12+00:00,manufacturer_product_selector_snapshot
espressif::esp32-c3-mini-1u-n4,2021-01-01,2021,Q1,https://products.espressif.com/#/product-comparison,1.9,USD,official_product_selector_listed_price,https://products.espressif.com/#/product-comparison,2026-08-30T10:14:12+00:00,manufacturer_product_selector_snapshot
espressif::esp32-c3-mini-1u-n4x,2024-11-20,2024,Q4,https://products.espressif.com/#/product-comparison,1.9,USD,official_product_selector_listed_price,https://products.espressif.com/#/product-comparison,2026-08-30T10:14:12+00:00,manufacturer_product_selector_snapshot
espressif::esp32-c3-wroom-02-h4,2021-01-01,2021,Q1,https://products.espressif.com/#/product-comparison,2.0,USD,official_product_selector_listed_price,https://products.espressif.com/#/product-comparison,2026-08-30T10:14:12+00:00,manufacturer_product_selector_snapshot
espressif::esp32-c3-wroom-02-n4,2020-01-01,2020,Q1,https://products.espressif.com/#/product-comparison,1.9,USD,official_product_selector_listed_price,https://products.espressif.com/#/product-comparison,2026-08-30T10:14:12+00:00,manufacturer_product_selector_snapshot
espressif::esp32-c3-wroom-02-n8,2020-01-01,2020,Q1,https://products.espressif.com/#/product-comparison,1.95,USD,official_product_selector_listed_price,https://products.espressif.com/#/product-comparison,2026-08-30T10:14:12+00:00,manufacturer_product_selector_snapshot
espressif::esp32-c3-wroom-02u-h4,2021-01-01,2021,Q1,https://products.espressif.com/#/product-comparison,2.05,USD,official_product_selector_listed_price,https://products.espressif.com/#/product-comparison,2026-08-30T10:14:12+00:00,manufacturer_product_selector_snapshot
espressif::esp32-c3-wroom-02u-n4,2021-01-01,2021,Q1,https://products.espressif.com/#/product-comparison,1.95,USD,official_product_selector_listed_price,https://products.espressif.com/#/product-comparison,2026-08-30T10:14:12+00:00,manufacturer_product_selector_snapshot
espressif::esp32-c3-wroom-02u-n8,2021-01-01,2021,Q1,https://products.espressif.com/#/product-comparison,2.0,USD,official_product_selector_listed_price,https://products.espressif.com/#/product-comparison,2026-08-30T10:14:12+00:00,manufacturer_product_selector_snapshot
espressif::esp32-c3fh4,2020-12-01,2020,Q4,https://products.espressif.com/#/product-comparison,1.3,USD,official_product_selector_listed_price,https://products.espressif.com/#/product-comparison,2026-08-30T10:14:12+00:00,manufacturer_product_selector_snapshot
espressif::esp32-c3fh4x,2020-12-01,2020,Q4,https://products.espressif.com/#/product-comparison,1.3,USD,official_product_selector_listed_price,https://products.espressif.com/#/product-comparison,2026-08-30T10:14:12+00:00,manufacturer_product_selector_snapshot
espressif::esp32-c3fh8x,,,,,1.5,USD,official_product_selector_listed_price,https://products.espressif.com/#/product-comparison,2026-08-30T10:14:12+00:00,manufacturer_product_selector_snapshot
espressif::esp32-c3fn4,2020-12-01,2020,Q4,https://products.espressif.com/#/product-comparison,,,,,2026-08-30T10:14:12+00:00,manufacturer_product_selector_snapshot
espressif::esp32-c5-mini-1-n4,,,,,2.58,USD,official_product_selector_listed_price,https://products.espressif.com/#/product-comparison,2026-08-30T10:14:12+00:00,manufacturer_product_selector_snapshot
espressif::esp32-c5-wroom-1-n16r8,,,,,3.43,USD,official_product_selector_listed_price,https://products.espressif.com/#/product-comparison,2026-08-30T10:14:12+00:00,manufacturer_product_selector_snapshot
espressif::esp32-c5-wroom-1-n32r8,,,,,5.0,USD,official_product_selector_listed_price,https://products.espressif.com/#/product-comparison,2026-08-30T10:14:12+00:00,manufacturer_product_selector_snapshot
espressif::esp32-c5-wroom-1-n4,,,,,2.88,USD,official_product_selector_listed_price,https://products.espressif.com/#/product-comparison,2026-08-30T10:14:12+00:00,manufacturer_product_selector_snapshot
espressif::esp32-c5-wroom-1-n8r8,,,,,3.18,USD,official_product_selector_listed_price,https://products.espressif.com/#/product-comparison,2026-08-30T10:14:12+00:00,manufacturer_product_selector_snapshot
espressif::esp32-c5-wroom-1u-n16r8,,,,,3.43,USD,official_product_selector_listed_price,https://products.espressif.com/#/product-comparison,2026-08-30T10:14:12+00:00,manufacturer_product_selector_snapshot
espressif::esp32-c5-wroom-1u-n32r8,,,,,5.0,USD,official_product_selector_listed_price,https://products.espressif.com/#/product-comparison,2026-08-30T10:14:12+00:00,manufacturer_product_selector_snapshot
espressif::esp32-c5-wroom-1u-n4,,,,,2.88,USD,official_product_selector_listed_price,https://products.espressif.com/#/product-comparison,2026-08-30T10:14:12+00:00,manufacturer_product_selector_snapshot
espressif::esp32-c5-wroom-1u-n8r8,,,,,3.18,USD,official_product_selector_listed_price,https://products.espressif.com/#/product-comparison,2026-08-30T10:14:12+00:00,manufacturer_product_selector_snapshot
espressif::esp32-c5hf4,,,,,1.93,USD,official_product_selector_listed_price,https://products.espressif.com/#/product-comparison,2026-08-30T10:14:12+00:00,manufacturer_product_selector_snapshot
espressif::esp32-c5hr8,,,,,1.9,USD,official_product_selector_listed_price,https://products.espressif.com/#/product-comparison,2026-08-30T10:14:12+00:00,manufacturer_product_selector_snapshot
espressif::esp32-c6,,,,,1.85,USD,official_product_selector_listed_price,https://products.espressif.com/#/product-comparison,2026-08-30T10:14:12+00:00,manufacturer_product_selector_snapshot
espressif::esp32-c6-mini-1-h4,,,,,2.57,USD,official_product_selector_listed_price,https://products.espressif.com/#/product-comparison,2026-08-30T10:14:12+00:00,manufacturer_product_selector_snapshot
espressif::esp32-c6-mini-1-h8,,,,,2.71,USD,official_product_selector_listed_price,https://products.espressif.com/#/product-comparison,2026-08-30T10:14:12+00:00,manufacturer_product_selector_snapshot
espressif::esp32-c6-mini-1-n4,,,,,2.5,USD,official_product_selector_listed_price,https://products.espressif.com/#/product-comparison,2026-08-30T10:14:12+00:00,manufacturer_product_selector_snapshot
espressif::esp32-c6-mini-1u-h4,,,,,2.6,USD,official_product_selector_listed_price,https://products.espressif.com/#/product-comparison,2026-08-30T10:14:12+00:00,manufacturer_product_selector_snapshot
espressif::esp32-c6-mini-1u-h8,,,,,2.74,USD,official_product_selector_listed_price,https://products.espressif.com/#/product-comparison,2026-08-30T10:14:12+00:00,manufacturer_product_selector_snapshot
espressif::esp32-c6-mini-1u-n4,,,,,2.53,USD,official_product_selector_listed_price,https://products.espressif.com/#/product-comparison,2026-08-30T10:14:12+00:00,manufacturer_product_selector_snapshot
espressif::esp32-c6-wroom-1-n16,,,,,3.4,USD,official_product_selector_listed_price,https://products.espressif.com/#/product-comparison,2026-08-30T10:14:12+00:00,manufacturer_product_selector_snapshot
espressif::esp32-c6-wroom-1-n4,,,,,2.85,USD,official_product_selector_listed_price,https://products.espressif.com/#/product-comparison,2026-08-30T10:14:12+00:00,manufacturer_product_selector_snapshot
espressif::esp32-c6-wroom-1-n8,,,,,3.13,USD,official_product_selector_listed_price,https://products.espressif.com/#/product-comparison,2026-08-30T10:14:12+00:00,manufacturer_product_selector_snapshot
espressif::esp32-c6-wroom-1u-n16,,,,,3.43,USD,official_product_selector_listed_price,https://products.espressif.com/#/product-comparison,2026-08-30T10:14:12+00:00,manufacturer_product_selector_snapshot
espressif::esp32-c6-wroom-1u-n4,,,,,2.88,USD,official_product_selector_listed_price,https://products.espressif.com/#/product-comparison,2026-08-30T10:14:12+00:00,manufacturer_product_selector_snapshot
espressif::esp32-c6-wroom-1u-n8,,,,,3.15,USD,official_product_selector_listed_price,https://products.espressif.com/#/product-comparison,2026-08-30T10:14:12+00:00,manufacturer_product_selector_snapshot
espressif::esp32-c61-mini-1-n4,,,,,2.14,USD,official_product_selector_listed_price,https://products.espressif.com/#/product-comparison,2026-08-30T10:14:12+00:00,manufacturer_product_selector_snapshot
espressif::esp32-c61-mini-1u-n4,,,,,2.14,USD,official_product_selector_listed_price,https://products.espressif.com/#/product-comparison,2026-08-30T10:14:12+00:00,manufacturer_product_selector_snapshot
espressif::esp32-c61-wroom-1-n8r2,,,,,2.6,USD,official_product_selector_listed_price,https://products.espressif.com/#/product-comparison,2026-08-30T10:14:12+00:00,manufacturer_product_selector_snapshot
espressif::esp32-c61-wroom-1u-n8r2,,,,,2.6,USD,official_product_selector_listed_price,https://products.espressif.com/#/product-comparison,2026-08-30T10:14:12+00:00,manufacturer_product_selector_snapshot
espressif::esp32-c61hf4,,,,,1.51,USD,official_product_selector_listed_price,https://products.espressif.com/#/product-comparison,2026-08-30T10:14:12+00:00,manufacturer_product_selector_snapshot
espressif::esp32-c61hr2,,,,,1.46,USD,official_product_selector_listed_price,https://products.espressif.com/#/product-comparison,2026-08-30T10:14:12+00:00,manufacturer_product_selector_snapshot
espressif::esp32-c6fh4,,,,,2.06,USD,official_product_selector_listed_price,https://products.espressif.com/#/product-comparison,2026-08-30T10:14:12+00:00,manufacturer_product_selector_snapshot
espressif::esp32-c6fh8,,,,,2.19,USD,official_product_selector_listed_price,https://products.espressif.com/#/product-comparison,2026-08-30T10:14:12+00:00,manufacturer_product_selector_snapshot
espressif::esp32-d0wd,2017-09-01,2017,Q3,https://products.espressif.com/#/product-comparison,3.0,USD,official_product_selector_listed_price,https://products.espressif.com/#/product-comparison,2026-08-30T10:14:12+00:00,manufacturer_product_selector_snapshot
espressif::esp32-d0wd-v3,2020-01-01,2020,Q1,https://products.espressif.com/#/product-comparison,1.5,USD,official_product_selector_listed_price,https://products.espressif.com/#/product-comparison,2026-08-30T10:14:12+00:00,manufacturer_product_selector_snapshot
espressif::esp32-d0wdq6,2017-09-01,2017,Q3,https://products.espressif.com/#/product-comparison,3.0,USD,official_product_selector_listed_price,https://products.espressif.com/#/product-comparison,2026-08-30T10:14:12+00:00,manufacturer_product_selector_snapshot
espressif::esp32-d0wdq6-v3,2020-01-01,2020,Q1,https://products.espressif.com/#/product-comparison,1.5,USD,official_product_selector_listed_price,https://products.espressif.com/#/product-comparison,2026-08-30T10:14:12+00:00,manufacturer_product_selector_snapshot
espressif::esp32-d0wdr2-v3,2022-07-29,2022,Q3,https://products.espressif.com/#/product-comparison,1.95,USD,official_product_selector_listed_price,https://products.espressif.com/#/product-comparison,2026-08-30T10:14:12+00:00,manufacturer_product_selector_snapshot
espressif::esp32-d0wdrh2-v3,2022-07-29,2022,Q3,https://products.espressif.com/#/product-comparison,1.95,USD,official_product_selector_listed_price,https://products.espressif.com/#/product-comparison,2026-08-30T10:14:12+00:00,manufacturer_product_selector_snapshot
espressif::esp32-du1906-n16r8,2020-06-19,2020,Q2,https://products.espressif.com/#/product-comparison,,,,,2026-08-30T10:14:12+00:00,manufacturer_product_selector_snapshot
espressif::esp32-du1906-n8r8,2020-06-19,2020,Q2,https://products.espressif.com/#/product-comparison,,,,,2026-08-30T10:14:12+00:00,manufacturer_product_selector_snapshot
espressif::esp32-du1906-u-n16r8,2020-06-19,2020,Q2,https://products.espressif.com/#/product-comparison,,,,,2026-08-30T10:14:12+00:00,manufacturer_product_selector_snapshot
espressif::esp32-du1906-u-n8r8,2020-06-19,2020,Q2,https://products.espressif.com/#/product-comparison,,,,,2026-08-30T10:14:12+00:00,manufacturer_product_selector_snapshot
espressif::esp32-h2-mini-1-h2s,,,,,2.03,USD,official_product_selector_listed_price,https://products.espressif.com/#/product-comparison,2026-08-30T10:14:12+00:00,manufacturer_product_selector_snapshot
espressif::esp32-h2-mini-1-h4s,,,,,2.07,USD,official_product_selector_listed_price,https://products.espressif.com/#/product-comparison,2026-08-30T10:14:12+00:00,manufacturer_product_selector_snapshot
espressif::esp32-h2-mini-1-n2,,,,,1.99,USD,official_product_selector_listed_price,https://products.espressif.com/#/product-comparison,2026-08-30T10:14:12+00:00,manufacturer_product_selector_snapshot
espressif::esp32-h2-mini-1-n4,,,,,2.06,USD,official_product_selector_listed_price,https://products.espressif.com/#/product-comparison,2026-08-30T10:14:12+00:00,manufacturer_product_selector_snapshot
espressif::esp32-h2-mini-1u-h2s,,,,,2.13,USD,official_product_selector_listed_price,https://products.espressif.com/#/product-comparison,2026-08-30T10:14:12+00:00,manufacturer_product_selector_snapshot
espressif::esp32-h2-mini-1u-h4s,,,,,2.19,USD,official_product_selector_listed_price,https://products.espressif.com/#/product-comparison,2026-08-30T10:14:12+00:00,manufacturer_product_selector_snapshot
espressif::esp32-h2-mini-1u-n2,,,,,2.03,USD,official_product_selector_listed_price,https://products.espressif.com/#/product-comparison,2026-08-30T10:14:12+00:00,manufacturer_product_selector_snapshot
espressif::esp32-h2-mini-1u-n4,,,,,2.07,USD,official_product_selector_listed_price,https://products.espressif.com/#/product-comparison,2026-08-30T10:14:12+00:00,manufacturer_product_selector_snapshot
espressif::esp32-h2-wroom-02c-h2s,,,,,2.22,USD,official_product_selector_listed_price,https://products.espressif.com/#/product-comparison,2026-08-30T10:14:12+00:00,manufacturer_product_selector_snapshot
espressif::esp32-h2-wroom-02c-h4s,,,,,2.26,USD,official_product_selector_listed_price,https://products.espressif.com/#/product-comparison,2026-08-30T10:14:12+00:00,manufacturer_product_selector_snapshot
espressif::esp32-h2fh2s,,,,,1.39,USD,official_product_selector_listed_price,https://products.espressif.com/#/product-comparison,2026-08-30T10:14:12+00:00,manufacturer_product_selector_snapshot
espressif::esp32-h2fh4s,,,,,1.46,USD,official_product_selector_listed_price,https://products.espressif.com/#/product-comparison,2026-08-30T10:14:12+00:00,manufacturer_product_selector_snapshot
espressif::esp32-mini-1-h4,2020-10-01,2020,Q4,https://products.espressif.com/#/product-comparison,2.38,USD,official_product_selector_listed_price,https://products.espressif.com/#/product-comparison,2026-08-30T10:14:12+00:00,manufacturer_product_selector_snapshot
espressif::esp32-mini-1-n4,2020-10-01,2020,Q4,https://products.espressif.com/#/product-comparison,2.3,USD,official_product_selector_listed_price,https://products.espressif.com/#/product-comparison,2026-08-30T10:14:12+00:00,manufacturer_product_selector_snapshot
espressif::esp32-mini-1u-h4,2020-10-01,2020,Q4,https://products.espressif.com/#/product-comparison,2.38,USD,official_product_selector_listed_price,https://products.espressif.com/#/product-comparison,2026-08-30T10:14:12+00:00,manufacturer_product_selector_snapshot
espressif::esp32-mini-1u-n4,2020-10-01,2020,Q4,https://products.espressif.com/#/product-comparison,2.3,USD,official_product_selector_listed_price,https://products.espressif.com/#/product-comparison,2026-08-30T10:14:12+00:00,manufacturer_product_selector_snapshot
espressif::esp32-p4nrw16,,,,,3.06,USD,official_product_selector_listed_price,https://products.espressif.com/#/product-comparison,2026-08-30T10:14:12+00:00,manufacturer_product_selector_snapshot
espressif::esp32-p4nrw16x,,,,,3.06,USD,official_product_selector_listed_price,https://products.espressif.com/#/product-comparison,2026-08-30T10:14:12+00:00,manufacturer_product_selector_snapshot
espressif::esp32-p4nrw32,,,,,3.33,USD,official_product_selector_listed_price,https://products.espressif.com/#/product-comparison,2026-08-30T10:14:12+00:00,manufacturer_product_selector_snapshot
espressif::esp32-p4nrw32x,,,,,3.33,USD,official_product_selector_listed_price,https://products.espressif.com/#/product-comparison,2026-08-30T10:14:12+00:00,manufacturer_product_selector_snapshot
espressif::esp32-pico-d4,2017-08-01,2017,Q3,https://products.espressif.com/#/product-comparison,4.5,USD,official_product_selector_listed_price,https://products.espressif.com/#/product-comparison,2026-08-30T10:14:12+00:00,manufacturer_product_selector_snapshot
espressif::esp32-pico-mini-02-n8r2,2020-08-20,2020,Q3,https://products.espressif.com/#/product-comparison,3.5,USD,official_product_selector_listed_price,https://products.espressif.com/#/product-comparison,2026-08-30T10:14:12+00:00,manufacturer_product_selector_snapshot
espressif::esp32-pico-mini-02u-n8r2,2020-08-20,2020,Q3,https://products.espressif.com/#/product-comparison,3.5,USD,official_product_selector_listed_price,https://products.espressif.com/#/product-comparison,2026-08-30T10:14:12+00:00,manufacturer_product_selector_snapshot
espressif::esp32-pico-v3,2020-01-01,2020,Q1,https://products.espressif.com/#/product-comparison,2.48,USD,official_product_selector_listed_price,https://products.espressif.com/#/product-comparison,2026-08-30T10:14:12+00:00,manufacturer_product_selector_snapshot
espressif::esp32-pico-v3-02,2020-08-01,2020,Q3,https://products.espressif.com/#/product-comparison,3.2,USD,official_product_selector_listed_price,https://products.espressif.com/#/product-comparison,2026-08-30T10:14:12+00:00,manufacturer_product_selector_snapshot
espressif::esp32-pico-v3-zero,2020-11-10,2020,Q4,https://products.espressif.com/#/product-comparison,2.99,USD,official_product_selector_listed_price,https://products.espressif.com/#/product-comparison,2026-08-30T10:14:12+00:00,manufacturer_product_selector_snapshot
espressif::esp32-s0wd,2018-06-01,2018,Q2,https://products.espressif.com/#/product-comparison,2.5,USD,official_product_selector_listed_price,https://products.espressif.com/#/product-comparison,2026-08-30T10:14:12+00:00,manufacturer_product_selector_snapshot
espressif::esp32-s2,2019-07-31,2019,Q3,https://products.espressif.com/#/product-comparison,1.25,USD,official_product_selector_listed_price,https://products.espressif.com/#/product-comparison,2026-08-30T10:14:12+00:00,manufacturer_product_selector_snapshot
espressif::esp32-s2-mini-1-h4,2020-09-01,2020,Q3,https://products.espressif.com/#/product-comparison,,,,,2026-08-30T10:14:12+00:00,manufacturer_product_selector_snapshot
espressif::esp32-s2-mini-1-n4,2020-09-01,2020,Q3,https://products.espressif.com/#/product-comparison,2.0,USD,official_product_selector_listed_price,https://products.espressif.com/#/product-comparison,2026-08-30T10:14:12+00:00,manufacturer_product_selector_snapshot
espressif::esp32-s2-mini-1-n4r2,2020-09-01,2020,Q3,https://products.espressif.com/#/product-comparison,2.15,USD,official_product_selector_listed_price,https://products.espressif.com/#/product-comparison,2026-08-30T10:14:12+00:00,manufacturer_product_selector_snapshot
espressif::esp32-s2-mini-1u-h4,2020-09-01,2020,Q3,https://products.espressif.com/#/product-comparison,,,,,2026-08-30T10:14:12+00:00,manufacturer_product_selector_snapshot
espressif::esp32-s2-mini-1u-n4,2020-09-01,2020,Q3,https://products.espressif.com/#/product-comparison,2.0,USD,official_product_selector_listed_price,https://products.espressif.com/#/product-comparison,2026-08-30T10:14:12+00:00,manufacturer_product_selector_snapshot
espressif::esp32-s2-mini-1u-n4r2,2020-09-01,2020,Q3,https://products.espressif.com/#/product-comparison,,,,,2026-08-30T10:14:12+00:00,manufacturer_product_selector_snapshot
espressif::esp32-s2-mini-2-n4,2022-03-07,2022,Q1,https://products.espressif.com/#/product-comparison,2.32,USD,official_product_selector_listed_price,https://products.espressif.com/#/product-comparison,2026-08-30T10:14:12+00:00,manufacturer_product_selector_snapshot
espressif::esp32-s2-mini-2-n4r2,2022-03-07,2022,Q1,https://products.espressif.com/#/product-comparison,2.45,USD,official_product_selector_listed_price,https://products.espressif.com/#/product-comparison,2026-08-30T10:14:12+00:00,manufacturer_product_selector_snapshot
espressif::esp32-s2-mini-2u-n4,2022-03-07,2022,Q1,https://products.espressif.com/#/product-comparison,2.36,USD,official_product_selector_listed_price,https://products.espressif.com/#/product-comparison,2026-08-30T10:14:12+00:00,manufacturer_product_selector_snapshot
espressif::esp32-s2-mini-2u-n4r2,2022-03-07,2022,Q1,https://products.espressif.com/#/product-comparison,2.5,USD,official_product_selector_listed_price,https://products.espressif.com/#/product-comparison,2026-08-30T10:14:12+00:00,manufacturer_product_selector_snapshot
espressif::esp32-s2-solo-2-h4,2022-03-07,2022,Q1,https://products.espressif.com/#/product-comparison,2.5,USD,official_product_selector_listed_price,https://products.espressif.com/#/product-comparison,2026-08-30T10:14:12+00:00,manufacturer_product_selector_snapshot
espressif::esp32-s2-solo-2-n16,2022-07-29,2022,Q3,https://products.espressif.com/#/product-comparison,3.05,USD,official_product_selector_listed_price,https://products.espressif.com/#/product-comparison,2026-08-30T10:14:12+00:00,manufacturer_product_selector_snapshot
espressif::esp32-s2-solo-2-n4,2022-03-07,2022,Q1,https://products.espressif.com/#/product-comparison,2.4,USD,official_product_selector_listed_price,https://products.espressif.com/#/product-comparison,2026-08-30T10:14:12+00:00,manufacturer_product_selector_snapshot
espressif::esp32-s2-solo-2-n4r2,2022-03-07,2022,Q1,https://products.espressif.com/#/product-comparison,2.56,USD,official_product_selector_listed_price,https://products.espressif.com/#/product-comparison,2026-08-30T10:14:12+00:00,manufacturer_product_selector_snapshot
espressif::esp32-s2-solo-2-n8,2022-07-29,2022,Q3,https://products.espressif.com/#/product-comparison,2.6,USD,official_product_selector_listed_price,https://products.espressif.com/#/product-comparison,2026-08-30T10:14:12+00:00,manufacturer_product_selector_snapshot
espressif::esp32-s2-solo-2u-n16,2022-07-29,2022,Q3,https://products.espressif.com/#/product-comparison,3.1,USD,official_product_selector_listed_price,https://products.espressif.com/#/product-comparison,2026-08-30T10:14:12+00:00,manufacturer_product_selector_snapshot
espressif::esp32-s2-solo-2u-n4,2022-03-07,2022,Q1,https://products.espressif.com/#/product-comparison,2.43,USD,official_product_selector_listed_price,https://products.espressif.com/#/product-comparison,2026-08-30T10:14:12+00:00,manufacturer_product_selector_snapshot
espressif::esp32-s2-solo-2u-n4r2,2022-03-07,2022,Q1,https://products.espressif.com/#/product-comparison,2.6,USD,official_product_selector_listed_price,https://products.espressif.com/#/product-comparison,2026-08-30T10:14:12+00:00,manufacturer_product_selector_snapshot
espressif::esp32-s2-solo-h4,2020-05-01,2020,Q2,https://products.espressif.com/#/product-comparison,,,,,2026-08-30T10:14:12+00:00,manufacturer_product_selector_snapshot
espressif::esp32-s2-solo-n16,2020-05-01,2020,Q2,https://products.espressif.com/#/product-comparison,,,,,2026-08-30T10:14:12+00:00,manufacturer_product_selector_snapshot
espressif::esp32-s2-solo-n4,2020-05-01,2020,Q2,https://products.espressif.com/#/product-comparison,,,,,2026-08-30T10:14:12+00:00,manufacturer_product_selector_snapshot
espressif::esp32-s2-solo-n4r2,2020-05-01,2020,Q2,https://products.espressif.com/#/product-comparison,,,,,2026-08-30T10:14:12+00:00,manufacturer_product_selector_snapshot
espressif::esp32-s2-solo-n8,2020-05-01,2020,Q2,https://products.espressif.com/#/product-comparison,,,,,2026-08-30T10:14:12+00:00,manufacturer_product_selector_snapshot
espressif::esp32-s2-solo-u-h4,2020-05-01,2020,Q2,https://products.espressif.com/#/product-comparison,,,,,2026-08-30T10:14:12+00:00,manufacturer_product_selector_snapshot
espressif::esp32-s2-solo-u-n16,2020-05-01,2020,Q2,https://products.espressif.com/#/product-comparison,,,,,2026-08-30T10:14:12+00:00,manufacturer_product_selector_snapshot
espressif::esp32-s2-solo-u-n4,2020-05-01,2020,Q2,https://products.espressif.com/#/product-comparison,,,,,2026-08-30T10:14:12+00:00,manufacturer_product_selector_snapshot
espressif::esp32-s2-solo-u-n4r2,2020-05-01,2020,Q2,https://products.espressif.com/#/product-comparison,,,,,2026-08-30T10:14:12+00:00,manufacturer_product_selector_snapshot
espressif::esp32-s2-solo-u-n8,2020-05-01,2020,Q2,https://products.espressif.com/#/product-comparison,,,,,2026-08-30T10:14:12+00:00,manufacturer_product_selector_snapshot
espressif::esp32-s2-wroom-h4,2020-08-01,2020,Q3,https://products.espressif.com/#/product-comparison,,,,,2026-08-30T10:14:12+00:00,manufacturer_product_selector_snapshot
espressif::esp32-s2-wroom-i-h4,2020-08-01,2020,Q3,https://products.espressif.com/#/product-comparison,,,,,2026-08-30T10:14:12+00:00,manufacturer_product_selector_snapshot
espressif::esp32-s2-wroom-i-n4,2020-01-15,2020,Q1,https://products.espressif.com/#/product-comparison,,,,,2026-08-30T10:14:12+00:00,manufacturer_product_selector_snapshot
espressif::esp32-s2-wroom-n4,2020-01-15,2020,Q1,https://products.espressif.com/#/product-comparison,,,,,2026-08-30T10:14:12+00:00,manufacturer_product_selector_snapshot
espressif::esp32-s2-wrover-i-n16r2,2020-01-15,2020,Q1,https://products.espressif.com/#/product-comparison,,,,,2026-08-30T10:14:12+00:00,manufacturer_product_selector_snapshot
espressif::esp32-s2-wrover-i-n4r2,2020-01-15,2020,Q1,https://products.espressif.com/#/product-comparison,,,,,2026-08-30T10:14:12+00:00,manufacturer_product_selector_snapshot
espressif::esp32-s2-wrover-i-n8r2,2020-01-15,2020,Q1,https://products.espressif.com/#/product-comparison,,,,,2026-08-30T10:14:12+00:00,manufacturer_product_selector_snapshot
espressif::esp32-s2-wrover-n16r2,2020-01-15,2020,Q1,https://products.espressif.com/#/product-comparison,,,,,2026-08-30T10:14:12+00:00,manufacturer_product_selector_snapshot
espressif::esp32-s2-wrover-n4r2,2020-01-15,2020,Q1,https://products.espressif.com/#/product-comparison,,,,,2026-08-30T10:14:12+00:00,manufacturer_product_selector_snapshot
espressif::esp32-s2-wrover-n8r2,2020-01-15,2020,Q1,https://products.espressif.com/#/product-comparison,,,,,2026-08-30T10:14:12+00:00,manufacturer_product_selector_snapshot
espressif::esp32-s2fh2,2020-05-01,2020,Q2,https://products.espressif.com/#/product-comparison,,,,,2026-08-30T10:14:12+00:00,manufacturer_product_selector_snapshot
espressif::esp32-s2fh4,2020-05-01,2020,Q2,https://products.espressif.com/#/product-comparison,1.48,USD,official_product_selector_listed_price,https://products.espressif.com/#/product-comparison,2026-08-30T10:14:12+00:00,manufacturer_product_selector_snapshot
espressif::esp32-s2fn4r2,2020-05-01,2020,Q2,https://products.espressif.com/#/product-comparison,1.6,USD,official_product_selector_listed_price,https://products.espressif.com/#/product-comparison,2026-08-30T10:14:12+00:00,manufacturer_product_selector_snapshot
espressif::esp32-s2r2,2021-05-01,2021,Q2,https://products.espressif.com/#/product-comparison,1.35,USD,official_product_selector_listed_price,https://products.espressif.com/#/product-comparison,2026-08-30T10:14:12+00:00,manufacturer_product_selector_snapshot
espressif::esp32-s3,2020-12-30,2020,Q4,https://products.espressif.com/#/product-comparison,1.85,USD,official_product_selector_listed_price,https://products.espressif.com/#/product-comparison,2026-08-30T10:14:12+00:00,manufacturer_product_selector_snapshot
espressif::esp32-s3-mini-1-n4r2,2021-09-23,2021,Q3,https://products.espressif.com/#/product-comparison,3.01,USD,official_product_selector_listed_price,https://products.espressif.com/#/product-comparison,2026-08-30T10:14:12+00:00,manufacturer_product_selector_snapshot
espressif::esp32-s3-mini-1-n8,2021-09-23,2021,Q3,https://products.espressif.com/#/product-comparison,3.1,USD,official_product_selector_listed_price,https://products.espressif.com/#/product-comparison,2026-08-30T10:14:12+00:00,manufacturer_product_selector_snapshot
espressif::esp32-s3-mini-1u-n4r2,2021-09-23,2021,Q3,https://products.espressif.com/#/product-comparison,3.11,USD,official_product_selector_listed_price,https://products.espressif.com/#/product-comparison,2026-08-30T10:14:12+00:00,manufacturer_product_selector_snapshot
espressif::esp32-s3-mini-1u-n8,,,,,3.1,USD,official_product_selector_listed_price,https://products.espressif.com/#/product-comparison,2026-08-30T10:14:12+00:00,manufacturer_product_selector_snapshot
espressif::esp32-s3-pico-1-n8r2,,,,,3.47,USD,official_product_selector_listed_price,https://products.espressif.com/#/product-comparison,2026-08-30T10:14:12+00:00,manufacturer_product_selector_snapshot
espressif::esp32-s3-pico-1-n8r8,,,,,3.89,USD,official_product_selector_listed_price,https://products.espressif.com/#/product-comparison,2026-08-30T10:14:12+00:00,manufacturer_product_selector_snapshot
espressif::esp32-s3-wroom-1-h4,2020-05-01,2020,Q2,https://products.espressif.com/#/product-comparison,3.17,USD,official_product_selector_listed_price,https://products.espressif.com/#/product-comparison,2026-08-30T10:14:12+00:00,manufacturer_product_selector_snapshot
espressif::esp32-s3-wroom-1-n16,2020-05-01,2020,Q2,https://products.espressif.com/#/product-comparison,3.48,USD,official_product_selector_listed_price,https://products.espressif.com/#/product-comparison,2026-08-30T10:14:12+00:00,manufacturer_product_selector_snapshot
espressif::esp32-s3-wroom-1-n16r16va,2023-11-08,2023,Q4,https://products.espressif.com/#/product-comparison,4.25,USD,official_product_selector_listed_price,https://products.espressif.com/#/product-comparison,2026-08-30T10:14:12+00:00,manufacturer_product_selector_snapshot
espressif::esp32-s3-wroom-1-n16r2,2020-05-01,2020,Q2,https://products.espressif.com/#/product-comparison,3.62,USD,official_product_selector_listed_price,https://products.espressif.com/#/product-comparison,2026-08-30T10:14:12+00:00,manufacturer_product_selector_snapshot
espressif::esp32-s3-wroom-1-n16r8,2023-11-08,2023,Q4,https://products.espressif.com/#/product-comparison,3.9,USD,official_product_selector_listed_price,https://products.espressif.com/#/product-comparison,2026-08-30T10:14:12+00:00,manufacturer_product_selector_snapshot
espressif::esp32-s3-wroom-1-n4,2020-05-01,2020,Q2,https://products.espressif.com/#/product-comparison,2.96,USD,official_product_selector_listed_price,https://products.espressif.com/#/product-comparison,2026-08-30T10:14:12+00:00,manufacturer_product_selector_snapshot
espressif::esp32-s3-wroom-1-n4r2,2020-05-01,2020,Q2,https://products.espressif.com/#/product-comparison,3.1,USD,official_product_selector_listed_price,https://products.espressif.com/#/product-comparison,2026-08-30T10:14:12+00:00,manufacturer_product_selector_snapshot
espressif::esp32-s3-wroom-1-n4r8,2020-05-01,2020,Q2,https://products.espressif.com/#/product-comparison,3.35,USD,official_product_selector_listed_price,https://products.espressif.com/#/product-comparison,2026-08-30T10:14:12+00:00,manufacturer_product_selector_snapshot
espressif::esp32-s3-wroom-1-n8,2020-05-01,2020,Q2,https://products.espressif.com/#/product-comparison,3.2,USD,official_product_selector_listed_price,https://products.espressif.com/#/product-comparison,2026-08-30T10:14:12+00:00,manufacturer_product_selector_snapshot
espressif::esp32-s3-wroom-1-n8r2,2020-05-01,2020,Q2,https://products.espressif.com/#/product-comparison,3.35,USD,official_product_selector_listed_price,https://products.espressif.com/#/product-comparison,2026-08-30T10:14:12+00:00,manufacturer_product_selector_snapshot
espressif::esp32-s3-wroom-1-n8r8,2020-05-01,2020,Q2,https://products.espressif.com/#/product-comparison,3.62,USD,official_product_selector_listed_price,https://products.espressif.com/#/product-comparison,2026-08-30T10:14:12+00:00,manufacturer_product_selector_snapshot
espressif::esp32-s3-wroom-1u-n16,,,,,3.48,USD,official_product_selector_listed_price,https://products.espressif.com/#/product-comparison,2026-08-30T10:14:12+00:00,manufacturer_product_selector_snapshot
espressif::esp32-s3-wroom-1u-n16r2,,,,,3.62,USD,official_product_selector_listed_price,https://products.espressif.com/#/product-comparison,2026-08-30T10:14:12+00:00,manufacturer_product_selector_snapshot
espressif::esp32-s3-wroom-1u-n16r8,,,,,3.9,USD,official_product_selector_listed_price,https://products.espressif.com/#/product-comparison,2026-08-30T10:14:12+00:00,manufacturer_product_selector_snapshot
espressif::esp32-s3-wroom-1u-n4,,,,,2.95,USD,official_product_selector_listed_price,https://products.espressif.com/#/product-comparison,2026-08-30T10:14:12+00:00,manufacturer_product_selector_snapshot
espressif::esp32-s3-wroom-1u-n4r2,,,,,3.1,USD,official_product_selector_listed_price,https://products.espressif.com/#/product-comparison,2026-08-30T10:14:12+00:00,manufacturer_product_selector_snapshot
espressif::esp32-s3-wroom-1u-n4r8,,,,,3.35,USD,official_product_selector_listed_price,https://products.espressif.com/#/product-comparison,2026-08-30T10:14:12+00:00,manufacturer_product_selector_snapshot
espressif::esp32-s3-wroom-1u-n8,,,,,3.2,USD,official_product_selector_listed_price,https://products.espressif.com/#/product-comparison,2026-08-30T10:14:12+00:00,manufacturer_product_selector_snapshot
espressif::esp32-s3-wroom-1u-n8r2,,,,,3.35,USD,official_product_selector_listed_price,https://products.espressif.com/#/product-comparison,2026-08-30T10:14:12+00:00,manufacturer_product_selector_snapshot
espressif::esp32-s3-wroom-1u-n8r8,,,,,3.62,USD,official_product_selector_listed_price,https://products.espressif.com/#/product-comparison,2026-08-30T10:14:12+00:00,manufacturer_product_selector_snapshot
espressif::esp32-s3-wroom-2-n16r8v,2021-11-03,2021,Q4,https://products.espressif.com/#/product-comparison,5.85,USD,official_product_selector_listed_price,https://products.espressif.com/#/product-comparison,2026-08-30T10:14:12+00:00,manufacturer_product_selector_snapshot
espressif::esp32-s3-wroom-2-n32r16v,2024-11-20,2024,Q4,https://products.espressif.com/#/product-comparison,6.88,USD,official_product_selector_listed_price,https://products.espressif.com/#/product-comparison,2026-08-30T10:14:12+00:00,manufacturer_product_selector_snapshot
espressif::esp32-s3-wroom-2-n32r8v,2021-11-03,2021,Q4,https://products.espressif.com/#/product-comparison,6.68,USD,official_product_selector_listed_price,https://products.espressif.com/#/product-comparison,2026-08-30T10:14:12+00:00,manufacturer_product_selector_snapshot
espressif::esp32-s31-wroom-3-n16r16v,,,,,5.0,USD,official_product_selector_listed_price,https://products.espressif.com/#/product-comparison,2026-08-30T10:14:12+00:00,manufacturer_product_selector_snapshot
espressif::esp32-s31nrv16,,,,,3.8,USD,official_product_selector_listed_price,https://products.espressif.com/#/product-comparison,2026-08-30T10:14:12+00:00,manufacturer_product_selector_snapshot
espressif::esp32-s3fh4r2,,,,,2.34,USD,official_product_selector_listed_price,https://products.espressif.com/#/product-comparison,2026-08-30T10:14:12+00:00,manufacturer_product_selector_snapshot
espressif::esp32-s3fn8,,,,,2.38,USD,official_product_selector_listed_price,https://products.espressif.com/#/product-comparison,2026-08-30T10:14:12+00:00,manufacturer_product_selector_snapshot
espressif::esp32-s3r16v,,,,,2.49,USD,official_product_selector_listed_price,https://products.espressif.com/#/product-comparison,2026-08-30T10:14:12+00:00,manufacturer_product_selector_snapshot
espressif::esp32-s3r2,2020-12-30,2020,Q4,https://products.espressif.com/#/product-comparison,2.02,USD,official_product_selector_listed_price,https://products.espressif.com/#/product-comparison,2026-08-30T10:14:12+00:00,manufacturer_product_selector_snapshot
espressif::esp32-s3r8,,,,,2.28,USD,official_product_selector_listed_price,https://products.espressif.com/#/product-comparison,2026-08-30T10:14:12+00:00,manufacturer_product_selector_snapshot
espressif::esp32-s3r8v,,,,,2.28,USD,official_product_selector_listed_price,https://products.espressif.com/#/product-comparison,2026-08-30T10:14:12+00:00,manufacturer_product_selector_snapshot
espressif::esp32-s3rh2,2020-12-30,2020,Q4,https://products.espressif.com/#/product-comparison,2.02,USD,official_product_selector_listed_price,https://products.espressif.com/#/product-comparison,2026-08-30T10:14:12+00:00,manufacturer_product_selector_snapshot
espressif::esp32-solo-1-h4,2019-07-01,2019,Q3,https://products.espressif.com/#/product-comparison,,,,,2026-08-30T10:14:12+00:00,manufacturer_product_selector_snapshot
espressif::esp32-solo-1-n4,2018-06-01,2018,Q2,https://products.espressif.com/#/product-comparison,3.4,USD,official_product_selector_listed_price,https://products.espressif.com/#/product-comparison,2026-08-30T10:14:12+00:00,manufacturer_product_selector_snapshot
espressif::esp32-u4wdh,2020-01-15,2020,Q1,https://products.espressif.com/#/product-comparison,1.88,USD,official_product_selector_listed_price,https://products.espressif.com/#/product-comparison,2026-08-30T10:14:12+00:00,manufacturer_product_selector_snapshot
espressif::esp32-wroom-32-n4,2017-07-01,2017,Q3,https://products.espressif.com/#/product-comparison,3.8,USD,official_product_selector_listed_price,https://products.espressif.com/#/product-comparison,2026-08-30T10:14:12+00:00,manufacturer_product_selector_snapshot
espressif::esp32-wroom-32d-h4,2018-11-01,2018,Q4,https://products.espressif.com/#/product-comparison,,,,,2026-08-30T10:14:12+00:00,manufacturer_product_selector_snapshot
espressif::esp32-wroom-32d-n16,2017-07-01,2017,Q3,https://products.espressif.com/#/product-comparison,4.5,USD,official_product_selector_listed_price,https://products.espressif.com/#/product-comparison,2026-08-30T10:14:12+00:00,manufacturer_product_selector_snapshot
espressif::esp32-wroom-32d-n4,2017-07-01,2017,Q3,https://products.espressif.com/#/product-comparison,3.8,USD,official_product_selector_listed_price,https://products.espressif.com/#/product-comparison,2026-08-30T10:14:12+00:00,manufacturer_product_selector_snapshot
espressif::esp32-wroom-32d-n8,2017-07-01,2017,Q3,https://products.espressif.com/#/product-comparison,4.2,USD,official_product_selector_listed_price,https://products.espressif.com/#/product-comparison,2026-08-30T10:14:12+00:00,manufacturer_product_selector_snapshot
espressif::esp32-wroom-32e-h4,2020-09-01,2020,Q3,https://products.espressif.com/#/product-comparison,2.68,USD,official_product_selector_listed_price,https://products.espressif.com/#/product-comparison,2026-08-30T10:14:12+00:00,manufacturer_product_selector_snapshot
espressif::esp32-wroom-32e-n16,2020-01-15,2020,Q1,https://products.espressif.com/#/product-comparison,2.99,USD,official_product_selector_listed_price,https://products.espressif.com/#/product-comparison,2026-08-30T10:14:12+00:00,manufacturer_product_selector_snapshot
espressif::esp32-wroom-32e-n16r2,2022-07-01,2022,Q3,https://products.espressif.com/#/product-comparison,3.15,USD,official_product_selector_listed_price,https://products.espressif.com/#/product-comparison,2026-08-30T10:14:12+00:00,manufacturer_product_selector_snapshot
espressif::esp32-wroom-32e-n4,2020-01-15,2020,Q1,https://products.espressif.com/#/product-comparison,2.5,USD,official_product_selector_listed_price,https://products.espressif.com/#/product-comparison,2026-08-30T10:14:12+00:00,manufacturer_product_selector_snapshot
espressif::esp32-wroom-32e-n4r2,2022-07-01,2022,Q3,https://products.espressif.com/#/product-comparison,2.65,USD,official_product_selector_listed_price,https://products.espressif.com/#/product-comparison,2026-08-30T10:14:12+00:00,manufacturer_product_selector_snapshot
espressif::esp32-wroom-32e-n8,2020-01-15,2020,Q1,https://products.espressif.com/#/product-comparison,2.8,USD,official_product_selector_listed_price,https://products.espressif.com/#/product-comparison,2026-08-30T10:14:12+00:00,manufacturer_product_selector_snapshot
espressif::esp32-wroom-32e-n8r2,2022-07-01,2022,Q3,https://products.espressif.com/#/product-comparison,2.88,USD,official_product_selector_listed_price,https://products.espressif.com/#/product-comparison,2026-08-30T10:14:12+00:00,manufacturer_product_selector_snapshot
espressif::esp32-wroom-32se-n16,2020-01-15,2020,Q1,https://products.espressif.com/#/product-comparison,,,,,2026-08-30T10:14:12+00:00,manufacturer_product_selector_snapshot
espressif::esp32-wroom-32se-n4,2020-01-15,2020,Q1,https://products.espressif.com/#/product-comparison,,,,,2026-08-30T10:14:12+00:00,manufacturer_product_selector_snapshot
espressif::esp32-wroom-32se-n8,2020-01-15,2020,Q1,https://products.espressif.com/#/product-comparison,,,,,2026-08-30T10:14:12+00:00,manufacturer_product_selector_snapshot
espressif::esp32-wroom-32u-h4,2018-11-01,2018,Q4,https://products.espressif.com/#/product-comparison,,,,,2026-08-30T10:14:12+00:00,manufacturer_product_selector_snapshot
espressif::esp32-wroom-32u-n16,2017-07-01,2017,Q3,https://products.espressif.com/#/product-comparison,4.5,USD,official_product_selector_listed_price,https://products.espressif.com/#/product-comparison,2026-08-30T10:14:12+00:00,manufacturer_product_selector_snapshot
espressif::esp32-wroom-32u-n4,2017-07-01,2017,Q3,https://products.espressif.com/#/product-comparison,3.8,USD,official_product_selector_listed_price,https://products.espressif.com/#/product-comparison,2026-08-30T10:14:12+00:00,manufacturer_product_selector_snapshot
espressif::esp32-wroom-32u-n8,2017-07-01,2017,Q3,https://products.espressif.com/#/product-comparison,4.2,USD,official_product_selector_listed_price,https://products.espressif.com/#/product-comparison,2026-08-30T10:14:12+00:00,manufacturer_product_selector_snapshot
espressif::esp32-wroom-32ue-h4,2020-09-01,2020,Q3,https://products.espressif.com/#/product-comparison,2.68,USD,official_product_selector_listed_price,https://products.espressif.com/#/product-comparison,2026-08-30T10:14:12+00:00,manufacturer_product_selector_snapshot
espressif::esp32-wroom-32ue-n16,2020-03-01,2020,Q1,https://products.espressif.com/#/product-comparison,2.99,USD,official_product_selector_listed_price,https://products.espressif.com/#/product-comparison,2026-08-30T10:14:12+00:00,manufacturer_product_selector_snapshot
espressif::esp32-wroom-32ue-n16r2,2022-07-01,2022,Q3,https://products.espressif.com/#/product-comparison,3.15,USD,official_product_selector_listed_price,https://products.espressif.com/#/product-comparison,2026-08-30T10:14:12+00:00,manufacturer_product_selector_snapshot
espressif::esp32-wroom-32ue-n4,2020-03-01,2020,Q1,https://products.espressif.com/#/product-comparison,2.5,USD,official_product_selector_listed_price,https://products.espressif.com/#/product-comparison,2026-08-30T10:14:12+00:00,manufacturer_product_selector_snapshot
espressif::esp32-wroom-32ue-n4r2,2022-07-01,2022,Q3,https://products.espressif.com/#/product-comparison,2.65,USD,official_product_selector_listed_price,https://products.espressif.com/#/product-comparison,2026-08-30T10:14:12+00:00,manufacturer_product_selector_snapshot
espressif::esp32-wroom-32ue-n8,2020-03-01,2020,Q1,https://products.espressif.com/#/product-comparison,2.8,USD,official_product_selector_listed_price,https://products.espressif.com/#/product-comparison,2026-08-30T10:14:12+00:00,manufacturer_product_selector_snapshot
espressif::esp32-wroom-32ue-n8r2,2022-07-01,2022,Q3,https://products.espressif.com/#/product-comparison,2.88,USD,official_product_selector_listed_price,https://products.espressif.com/#/product-comparison,2026-08-30T10:14:12+00:00,manufacturer_product_selector_snapshot
espressif::esp32-wroom-da-n16,2021-08-20,2021,Q3,https://products.espressif.com/#/product-comparison,,,,,2026-08-30T10:14:12+00:00,manufacturer_product_selector_snapshot
espressif::esp32-wroom-da-n4,2021-08-20,2021,Q3,https://products.espressif.com/#/product-comparison,,,,,2026-08-30T10:14:12+00:00,manufacturer_product_selector_snapshot
espressif::esp32-wroom-da-n8,2021-08-20,2021,Q3,https://products.espressif.com/#/product-comparison,,,,,2026-08-30T10:14:12+00:00,manufacturer_product_selector_snapshot
espressif::esp32-wrover-b-n16r8,2018-06-15,2018,Q2,https://products.espressif.com/#/product-comparison,5.0,USD,official_product_selector_listed_price,https://products.espressif.com/#/product-comparison,2026-08-30T10:14:12+00:00,manufacturer_product_selector_snapshot
espressif::esp32-wrover-b-n4r8,2018-06-15,2018,Q2,https://products.espressif.com/#/product-comparison,4.2,USD,official_product_selector_listed_price,https://products.espressif.com/#/product-comparison,2026-08-30T10:14:12+00:00,manufacturer_product_selector_snapshot
espressif::esp32-wrover-b-n8r8,2018-06-15,2018,Q2,https://products.espressif.com/#/product-comparison,4.6,USD,official_product_selector_listed_price,https://products.espressif.com/#/product-comparison,2026-08-30T10:14:12+00:00,manufacturer_product_selector_snapshot
espressif::esp32-wrover-e-n16r8,2020-01-15,2020,Q1,https://products.espressif.com/#/product-comparison,3.28,USD,official_product_selector_listed_price,https://products.espressif.com/#/product-comparison,2026-08-30T10:14:12+00:00,manufacturer_product_selector_snapshot
espressif::esp32-wrover-e-n4r2,2022-07-01,2022,Q3,https://products.espressif.com/#/product-comparison,3.1,USD,official_product_selector_listed_price,https://products.espressif.com/#/product-comparison,2026-08-30T10:14:12+00:00,manufacturer_product_selector_snapshot
espressif::esp32-wrover-e-n4r8,2020-01-15,2020,Q1,https://products.espressif.com/#/product-comparison,2.8,USD,official_product_selector_listed_price,https://products.espressif.com/#/product-comparison,2026-08-30T10:14:12+00:00,manufacturer_product_selector_snapshot
espressif::esp32-wrover-e-n8r2,2022-07-01,2022,Q3,https://products.espressif.com/#/product-comparison,3.28,USD,official_product_selector_listed_price,https://products.espressif.com/#/product-comparison,2026-08-30T10:14:12+00:00,manufacturer_product_selector_snapshot
espressif::esp32-wrover-e-n8r8,2020-01-15,2020,Q1,https://products.espressif.com/#/product-comparison,2.99,USD,official_product_selector_listed_price,https://products.espressif.com/#/product-comparison,2026-08-30T10:14:12+00:00,manufacturer_product_selector_snapshot
espressif::esp32-wrover-i-n4r8,2018-06-15,2018,Q2,https://products.espressif.com/#/product-comparison,,,,,2026-08-30T10:14:12+00:00,manufacturer_product_selector_snapshot
espressif::esp32-wrover-ib-n16r8,2018-06-15,2018,Q2,https://products.espressif.com/#/product-comparison,5.2,USD,official_product_selector_listed_price,https://products.espressif.com/#/product-comparison,2026-08-30T10:14:12+00:00,manufacturer_product_selector_snapshot
espressif::esp32-wrover-ib-n4r8,2018-06-15,2018,Q2,https://products.espressif.com/#/product-comparison,4.5,USD,official_product_selector_listed_price,https://products.espressif.com/#/product-comparison,2026-08-30T10:14:12+00:00,manufacturer_product_selector_snapshot
espressif::esp32-wrover-ib-n8r8,2018-06-15,2018,Q2,https://products.espressif.com/#/product-comparison,4.8,USD,official_product_selector_listed_price,https://products.espressif.com/#/product-comparison,2026-08-30T10:14:12+00:00,manufacturer_product_selector_snapshot
espressif::esp32-wrover-ie-n16r8,2020-01-15,2020,Q1,https://products.espressif.com/#/product-comparison,3.28,USD,official_product_selector_listed_price,https://products.espressif.com/#/product-comparison,2026-08-30T10:14:12+00:00,manufacturer_product_selector_snapshot
espressif::esp32-wrover-ie-n4r8,2020-01-15,2020,Q1,https://products.espressif.com/#/product-comparison,2.8,USD,official_product_selector_listed_price,https://products.espressif.com/#/product-comparison,2026-08-30T10:14:12+00:00,manufacturer_product_selector_snapshot
espressif::esp32-wrover-ie-n8r2,2022-07-01,2022,Q3,https://products.espressif.com/#/product-comparison,3.28,USD,official_product_selector_listed_price,https://products.espressif.com/#/product-comparison,2026-08-30T10:14:12+00:00,manufacturer_product_selector_snapshot
espressif::esp32-wrover-ie-n8r8,2020-01-15,2020,Q1,https://products.espressif.com/#/product-comparison,2.99,USD,official_product_selector_listed_price,https://products.espressif.com/#/product-comparison,2026-08-30T10:14:12+00:00,manufacturer_product_selector_snapshot
espressif::esp32-wrover-n4r8,2018-06-15,2018,Q2,https://products.espressif.com/#/product-comparison,,,,,2026-08-30T10:14:12+00:00,manufacturer_product_selector_snapshot
espressif::esp8266ex,2014-05-01,2014,Q2,https://products.espressif.com/#/product-comparison,1.6,USD,official_product_selector_listed_price,https://products.espressif.com/#/product-comparison,2026-08-30T10:14:12+00:00,manufacturer_product_selector_snapshot
espressif::esp8285h16,2014-05-01,2014,Q2,https://products.espressif.com/#/product-comparison,1.05,USD,official_product_selector_listed_price,https://products.espressif.com/#/product-comparison,2026-08-30T10:14:12+00:00,manufacturer_product_selector_snapshot
espressif::esp8285n08,2014-05-01,2014,Q2,https://products.espressif.com/#/product-comparison,1.8,USD,official_product_selector_listed_price,https://products.espressif.com/#/product-comparison,2026-08-30T10:14:12+00:00,manufacturer_product_selector_snapshot
espressif::esp8684-mini-1-h2,2022-04-15,2022,Q2,https://products.espressif.com/#/product-comparison,,,,,2026-08-30T10:14:12+00:00,manufacturer_product_selector_snapshot
espressif::esp8684-mini-1-h2x,2022-04-15,2022,Q2,https://products.espressif.com/#/product-comparison,1.68,USD,official_product_selector_listed_price,https://products.espressif.com/#/product-comparison,2026-08-30T10:14:12+00:00,manufacturer_product_selector_snapshot
espressif::esp8684-mini-1-h4,2022-04-15,2022,Q2,https://products.espressif.com/#/product-comparison,,,,,2026-08-30T10:14:12+00:00,manufacturer_product_selector_snapshot
espressif::esp8684-mini-1-h4x,2022-04-15,2022,Q2,https://products.espressif.com/#/product-comparison,1.82,USD,official_product_selector_listed_price,https://products.espressif.com/#/product-comparison,2026-08-30T10:14:12+00:00,manufacturer_product_selector_snapshot
espressif::esp8684-mini-1u-h2,2023-09-27,2023,Q3,https://products.espressif.com/#/product-comparison,,,,,2026-08-30T10:14:12+00:00,manufacturer_product_selector_snapshot
espressif::esp8684-mini-1u-h2x,2023-09-27,2023,Q3,https://products.espressif.com/#/product-comparison,,,,,2026-08-30T10:14:12+00:00,manufacturer_product_selector_snapshot
espressif::esp8684-mini-1u-h4,2023-09-27,2023,Q3,https://products.espressif.com/#/product-comparison,,,,,2026-08-30T10:14:12+00:00,manufacturer_product_selector_snapshot
espressif::esp8684-mini-1u-h4x,2023-09-27,2023,Q3,https://products.espressif.com/#/product-comparison,,,,,2026-08-30T10:14:12+00:00,manufacturer_product_selector_snapshot
espressif::esp8684-wroom-01c-h2,2022-06-27,2022,Q2,https://products.espressif.com/#/product-comparison,,,,,2026-08-30T10:14:12+00:00,manufacturer_product_selector_snapshot
espressif::esp8684-wroom-01c-h2x,2025-02-19,2025,Q1,https://products.espressif.com/#/product-comparison,1.7,USD,official_product_selector_listed_price,https://products.espressif.com/#/product-comparison,2026-08-30T10:14:12+00:00,manufacturer_product_selector_snapshot
espressif::esp8684-wroom-01c-h4,2022-06-27,2022,Q2,https://products.espressif.com/#/product-comparison,,,,,2026-08-30T10:14:12+00:00,manufacturer_product_selector_snapshot
espressif::esp8684-wroom-01c-h4x,2025-02-19,2025,Q1,https://products.espressif.com/#/product-comparison,1.84,USD,official_product_selector_listed_price,https://products.espressif.com/#/product-comparison,2026-08-30T10:14:12+00:00,manufacturer_product_selector_snapshot
espressif::esp8684-wroom-02c-h2,2022-06-27,2022,Q2,https://products.espressif.com/#/product-comparison,,,,,2026-08-30T10:14:12+00:00,manufacturer_product_selector_snapshot
espressif::esp8684-wroom-02c-h2x,2025-02-19,2025,Q1,https://products.espressif.com/#/product-comparison,1.7,USD,official_product_selector_listed_price,https://products.espressif.com/#/product-comparison,2026-08-30T10:14:12+00:00,manufacturer_product_selector_snapshot
espressif::esp8684-wroom-02c-h4,2022-06-27,2022,Q2,https://products.espressif.com/#/product-comparison,,,,,2026-08-30T10:14:12+00:00,manufacturer_product_selector_snapshot
espressif::esp8684-wroom-02c-h4x,2025-02-19,2025,Q1,https://products.espressif.com/#/product-comparison,1.84,USD,official_product_selector_listed_price,https://products.espressif.com/#/product-comparison,2026-08-30T10:14:12+00:00,manufacturer_product_selector_snapshot
espressif::esp8684-wroom-02uc-h2,2022-04-15,2022,Q2,https://products.espressif.com/#/product-comparison,,,,,2026-08-30T10:14:12+00:00,manufacturer_product_selector_snapshot
espressif::esp8684-wroom-02uc-h2x,2025-02-20,2025,Q1,https://products.espressif.com/#/product-comparison,1.74,USD,official_product_selector_listed_price,https://products.espressif.com/#/product-comparison,2026-08-30T10:14:12+00:00,manufacturer_product_selector_snapshot
espressif::esp8684-wroom-02uc-h4,2022-04-15,2022,Q2,https://products.espressif.com/#/product-comparison,,,,,2026-08-30T10:14:12+00:00,manufacturer_product_selector_snapshot
espressif::esp8684-wroom-02uc-h4x,2025-02-20,2025,Q1,https://products.espressif.com/#/product-comparison,1.88,USD,official_product_selector_listed_price,https://products.espressif.com/#/product-comparison,2026-08-30T10:14:12+00:00,manufacturer_product_selector_snapshot
espressif::esp8684-wroom-03-h2,2022-04-15,2022,Q2,https://products.espressif.com/#/product-comparison,,,,,2026-08-30T10:14:12+00:00,manufacturer_product_selector_snapshot
espressif::esp8684-wroom-03-h2x,2025-02-18,2025,Q1,https://products.espressif.com/#/product-comparison,1.7,USD,official_product_selector_listed_price,https://products.espressif.com/#/product-comparison,2026-08-30T10:14:12+00:00,manufacturer_product_selector_snapshot
espressif::esp8684-wroom-03-h4,2022-04-15,2022,Q2,https://products.espressif.com/#/product-comparison,,,,,2026-08-30T10:14:12+00:00,manufacturer_product_selector_snapshot
espressif::esp8684-wroom-03-h4x,2025-02-18,2025,Q1,https://products.espressif.com/#/product-comparison,1.84,USD,official_product_selector_listed_price,https://products.espressif.com/#/product-comparison,2026-08-30T10:14:12+00:00,manufacturer_product_selector_snapshot
espressif::esp8684-wroom-04c-h2,2022-06-27,2022,Q2,https://products.espressif.com/#/product-comparison,,,,,2026-08-30T10:14:12+00:00,manufacturer_product_selector_snapshot
espressif::esp8684-wroom-04c-h2x,2025-02-19,2025,Q1,https://products.espressif.com/#/product-comparison,1.7,USD,official_product_selector_listed_price,https://products.espressif.com/#/product-comparison,2026-08-30T10:14:12+00:00,manufacturer_product_selector_snapshot
espressif::esp8684-wroom-04c-h4,2022-06-27,2022,Q2,https://products.espressif.com/#/product-comparison,,,,,2026-08-30T10:14:12+00:00,manufacturer_product_selector_snapshot
espressif::esp8684-wroom-04c-h4x,2025-02-19,2025,Q1,https://products.espressif.com/#/product-comparison,1.84,USD,official_product_selector_listed_price,https://products.espressif.com/#/product-comparison,2026-08-30T10:14:12+00:00,manufacturer_product_selector_snapshot
espressif::esp8684-wroom-05-h2,2022-04-15,2022,Q2,https://products.espressif.com/#/product-comparison,,,,,2026-08-30T10:14:12+00:00,manufacturer_product_selector_snapshot
espressif::esp8684-wroom-05-h2x,2025-02-18,2025,Q1,https://products.espressif.com/#/product-comparison,1.7,USD,official_product_selector_listed_price,https://products.espressif.com/#/product-comparison,2026-08-30T10:14:12+00:00,manufacturer_product_selector_snapshot
espressif::esp8684-wroom-05-h4,2022-04-15,2022,Q2,https://products.espressif.com/#/product-comparison,,,,,2026-08-30T10:14:12+00:00,manufacturer_product_selector_snapshot
espressif::esp8684-wroom-05-h4x,2025-02-18,2025,Q1,https://products.espressif.com/#/product-comparison,1.84,USD,official_product_selector_listed_price,https://products.espressif.com/#/product-comparison,2026-08-30T10:14:12+00:00,manufacturer_product_selector_snapshot
espressif::esp8684-wroom-06c-h2,2022-04-15,2022,Q2,https://products.espressif.com/#/product-comparison,,,,,2026-08-30T10:14:12+00:00,manufacturer_product_selector_snapshot
espressif::esp8684-wroom-06c-h2x,2025-02-18,2025,Q1,https://products.espressif.com/#/product-comparison,1.7,USD,official_product_selector_listed_price,https://products.espressif.com/#/product-comparison,2026-08-30T10:14:12+00:00,manufacturer_product_selector_snapshot
espressif::esp8684-wroom-06c-h4,2022-04-15,2022,Q2,https://products.espressif.com/#/product-comparison,,,,,2026-08-30T10:14:12+00:00,manufacturer_product_selector_snapshot
espressif::esp8684-wroom-06c-h4x,2025-02-18,2025,Q1,https://products.espressif.com/#/product-comparison,1.84,USD,official_product_selector_listed_price,https://products.espressif.com/#/product-comparison,2026-08-30T10:14:12+00:00,manufacturer_product_selector_snapshot
espressif::esp8684-wroom-07-h2,2022-04-15,2022,Q2,https://products.espressif.com/#/product-comparison,,,,,2026-08-30T10:14:12+00:00,manufacturer_product_selector_snapshot
espressif::esp8684-wroom-07-h2x,2025-02-18,2025,Q1,https://products.espressif.com/#/product-comparison,1.7,USD,official_product_selector_listed_price,https://products.espressif.com/#/product-comparison,2026-08-30T10:14:12+00:00,manufacturer_product_selector_snapshot
espressif::esp8684-wroom-07-h4,2022-04-15,2022,Q2,https://products.espressif.com/#/product-comparison,,,,,2026-08-30T10:14:12+00:00,manufacturer_product_selector_snapshot
espressif::esp8684-wroom-07-h4x,2025-02-18,2025,Q1,https://products.espressif.com/#/product-comparison,1.84,USD,official_product_selector_listed_price,https://products.espressif.com/#/product-comparison,2026-08-30T10:14:12+00:00,manufacturer_product_selector_snapshot
espressif::esp8684h2,2022-04-15,2022,Q2,https://products.espressif.com/#/product-comparison,,,,,2026-08-30T10:14:12+00:00,manufacturer_product_selector_snapshot
espressif::esp8684h2x,2024-02-17,2024,Q1,https://products.espressif.com/#/product-comparison,1.18,USD,official_product_selector_listed_price,https://products.espressif.com/#/product-comparison,2026-08-30T10:14:12+00:00,manufacturer_product_selector_snapshot
espressif::esp8684h4,2022-04-15,2022,Q2,https://products.espressif.com/#/product-comparison,,,,,2026-08-30T10:14:12+00:00,manufacturer_product_selector_snapshot
espressif::esp8684h4x,2022-04-15,2022,Q2,https://products.espressif.com/#/product-comparison,1.32,USD,official_product_selector_listed_price,https://products.espressif.com/#/product-comparison,2026-08-30T10:14:12+00:00,manufacturer_product_selector_snapshot
espressif::esp8685-wroom-01-h2,2022-06-27,2022,Q2,https://products.espressif.com/#/product-comparison,,,,,2026-08-30T10:14:12+00:00,manufacturer_product_selector_snapshot
espressif::esp8685-wroom-01-h4,2022-06-27,2022,Q2,https://products.espressif.com/#/product-comparison,2.25,USD,official_product_selector_listed_price,https://products.espressif.com/#/product-comparison,2026-08-30T10:14:12+00:00,manufacturer_product_selector_snapshot
espressif::esp8685-wroom-03-h2,2022-03-11,2022,Q1,https://products.espressif.com/#/product-comparison,,,,,2026-08-30T10:14:12+00:00,manufacturer_product_selector_snapshot
espressif::esp8685-wroom-03-h4,2022-03-11,2022,Q1,https://products.espressif.com/#/product-comparison,2.25,USD,official_product_selector_listed_price,https://products.espressif.com/#/product-comparison,2026-08-30T10:14:12+00:00,manufacturer_product_selector_snapshot
espressif::esp8685-wroom-04-h2,2022-06-27,2022,Q2,https://products.espressif.com/#/product-comparison,,,,,2026-08-30T10:14:12+00:00,manufacturer_product_selector_snapshot
espressif::esp8685-wroom-04-h4,2022-06-27,2022,Q2,https://products.espressif.com/#/product-comparison,2.25,USD,official_product_selector_listed_price,https://products.espressif.com/#/product-comparison,2026-08-30T10:14:12+00:00,manufacturer_product_selector_snapshot
espressif::esp8685-wroom-05-h2,2022-03-11,2022,Q1,https://products.espressif.com/#/product-comparison,,,,,2026-08-30T10:14:12+00:00,manufacturer_product_selector_snapshot
espressif::esp8685-wroom-05-h4,2022-03-11,2022,Q1,https://products.espressif.com/#/product-comparison,2.25,USD,official_product_selector_listed_price,https://products.espressif.com/#/product-comparison,2026-08-30T10:14:12+00:00,manufacturer_product_selector_snapshot
espressif::esp8685-wroom-06-h2,2022-03-11,2022,Q1,https://products.espressif.com/#/product-comparison,,,,,2026-08-30T10:14:12+00:00,manufacturer_product_selector_snapshot
espressif::esp8685-wroom-06-h4,2022-03-11,2022,Q1,https://products.espressif.com/#/product-comparison,2.3,USD,official_product_selector_listed_price,https://products.espressif.com/#/product-comparison,2026-08-30T10:14:12+00:00,manufacturer_product_selector_snapshot
espressif::esp8685-wroom-07-h2,2022-03-11,2022,Q1,https://products.espressif.com/#/product-comparison,,,,,2026-08-30T10:14:12+00:00,manufacturer_product_selector_snapshot
espressif::esp8685-wroom-07-h4,2022-03-11,2022,Q1,https://products.espressif.com/#/product-comparison,2.25,USD,official_product_selector_listed_price,https://products.espressif.com/#/product-comparison,2026-08-30T10:14:12+00:00,manufacturer_product_selector_snapshot
espressif::esp8685h4,,,,,1.5,USD,official_product_selector_listed_price,https://products.espressif.com/#/product-comparison,2026-08-30T10:14:12+00:00,manufacturer_product_selector_snapshot
