product_line_id,manufacturer,product_type,architecture_class,family,series,product_line,device_variant_count,source_ids,observed_at,verification_status
hpmicro::hpm5301,HPMicro,general_purpose_mcu,RISC-V,HPM5,HPM5300,HPM5301,1,hpmicro:sdk:v1.12.1:hpm5301;hpmicro:selector:hpm5300;hpmicro:series:hpm5300,2026-09-05T03:28:18+00:00,manufacturer_product_page
hpmicro::hpm5321,HPMicro,general_purpose_mcu,RISC-V,HPM5,HPM5300,HPM5321,3,hpmicro:selector:hpm5300;hpmicro:series:hpm5300,2026-09-05T03:28:18+00:00,manufacturer_product_page
hpmicro::hpm5331,HPMicro,general_purpose_mcu,RISC-V,HPM5,HPM5300,HPM5331,3,hpmicro:selector:hpm5300;hpmicro:series:hpm5300,2026-09-05T03:28:18+00:00,manufacturer_product_page
hpmicro::hpm5361,HPMicro,general_purpose_mcu,RISC-V,HPM5,HPM5300,HPM5361,3,hpmicro:sdk:v1.12.1:hpm5361;hpmicro:selector:hpm5300;hpmicro:series:hpm5300,2026-09-05T03:28:18+00:00,manufacturer_product_page
hpmicro::hpm53m1,HPMicro,general_purpose_mcu,RISC-V,HPM5,HPM5300,HPM53M1,1,hpmicro:sdk:v1.12.1:hpm53m1;hpmicro:selector:hpm5300;hpmicro:series:hpm5300,2026-09-05T03:28:18+00:00,manufacturer_product_page
hpmicro::hpm5e11,HPMicro,general_purpose_mcu,RISC-V,HPM5,HPM5E00,HPM5E11,3,hpmicro:selector:hpm5e00;hpmicro:series:hpm5e00,2026-09-05T03:28:18+00:00,manufacturer_product_page
hpmicro::hpm5e31,HPMicro,general_purpose_mcu,RISC-V,HPM5,HPM5E00,HPM5E31,3,hpmicro:sdk:v1.12.1:hpm5e31;hpmicro:selector:hpm5e00;hpmicro:series:hpm5e00,2026-09-05T03:28:18+00:00,manufacturer_product_page
hpmicro::hpm5e3y,HPMicro,general_purpose_mcu,RISC-V,HPM5,HPM5E00,HPM5E3Y,2,hpmicro:sdk:v1.12.1:hpm5e3y;hpmicro:selector:hpm5e00;hpmicro:series:hpm5e00,2026-09-05T03:28:18+00:00,manufacturer_product_page
hpmicro::hpm6220,HPMicro,general_purpose_mcu,RISC-V,HPM6,HPM6200,HPM6220,2,hpmicro:selector:hpm6200;hpmicro:series:hpm6200,2026-09-05T03:28:18+00:00,manufacturer_product_page
hpmicro::hpm6240,HPMicro,general_purpose_mcu,RISC-V,HPM6,HPM6200,HPM6240,2,hpmicro:selector:hpm6200;hpmicro:series:hpm6200,2026-09-05T03:28:18+00:00,manufacturer_product_page
hpmicro::hpm6260,HPMicro,general_purpose_mcu,RISC-V,HPM6,HPM6200,HPM6260,2,hpmicro:selector:hpm6200;hpmicro:series:hpm6200,2026-09-05T03:28:18+00:00,manufacturer_product_page
hpmicro::hpm6264,HPMicro,general_purpose_mcu,RISC-V,HPM6,HPM6200,HPM6264,2,hpmicro:selector:hpm6200;hpmicro:series:hpm6200,2026-09-05T03:28:18+00:00,manufacturer_product_page
hpmicro::hpm6280,HPMicro,general_purpose_mcu,RISC-V,HPM6,HPM6200,HPM6280,2,hpmicro:sdk:v1.12.1:hpm6280;hpmicro:selector:hpm6200;hpmicro:series:hpm6200,2026-09-05T03:28:18+00:00,manufacturer_product_page
hpmicro::hpm6284,HPMicro,general_purpose_mcu,RISC-V,HPM6,HPM6200,HPM6284,2,hpmicro:selector:hpm6200;hpmicro:series:hpm6200,2026-09-05T03:28:18+00:00,manufacturer_product_page
hpmicro::hpm6320,HPMicro,general_purpose_mcu,RISC-V,HPM6,HPM6300,HPM6320,2,hpmicro:selector:hpm6300;hpmicro:series:hpm6300,2026-09-05T03:28:18+00:00,manufacturer_product_page
hpmicro::hpm6330,HPMicro,general_purpose_mcu,RISC-V,HPM6,HPM6300,HPM6330,1,hpmicro:selector:hpm6300;hpmicro:series:hpm6300,2026-09-05T03:28:18+00:00,manufacturer_product_page
hpmicro::hpm6340,HPMicro,general_purpose_mcu,RISC-V,HPM6,HPM6300,HPM6340,2,hpmicro:selector:hpm6300;hpmicro:series:hpm6300,2026-09-05T03:28:18+00:00,manufacturer_product_page
hpmicro::hpm6350,HPMicro,general_purpose_mcu,RISC-V,HPM6,HPM6300,HPM6350,2,hpmicro:selector:hpm6300;hpmicro:series:hpm6300,2026-09-05T03:28:18+00:00,manufacturer_product_page
hpmicro::hpm6360,HPMicro,general_purpose_mcu,RISC-V,HPM6,HPM6300,HPM6360,2,hpmicro:sdk:v1.12.1:hpm6360;hpmicro:selector:hpm6300;hpmicro:series:hpm6300,2026-09-05T03:28:18+00:00,manufacturer_product_page
hpmicro::hpm6364,HPMicro,general_purpose_mcu,RISC-V,HPM6,HPM6300,HPM6364,2,hpmicro:selector:hpm6300;hpmicro:series:hpm6300,2026-09-05T03:28:18+00:00,manufacturer_product_page
hpmicro::hpm6430,HPMicro,general_purpose_mcu,RISC-V,HPM6,HPM6400,HPM6430,2,hpmicro:selector:hpm6700;hpmicro:series:hpm6700,2026-09-05T03:28:18+00:00,manufacturer_product_page
hpmicro::hpm6450,HPMicro,general_purpose_mcu,RISC-V,HPM6,HPM6400,HPM6450,2,hpmicro:selector:hpm6700;hpmicro:series:hpm6700,2026-09-05T03:28:18+00:00,manufacturer_product_page
hpmicro::hpm6454,HPMicro,general_purpose_mcu,RISC-V,HPM6,HPM6400,HPM6454,2,hpmicro:selector:hpm6700;hpmicro:series:hpm6700,2026-09-05T03:28:18+00:00,manufacturer_product_page
hpmicro::hpm64a0,HPMicro,general_purpose_mcu,RISC-V,HPM6,HPM6400,HPM64A0,1,hpmicro:series:hpm6700,2026-09-05T03:28:18+00:00,manufacturer_product_page
hpmicro::hpm64g0,HPMicro,general_purpose_mcu,RISC-V,HPM6,HPM6400,HPM64G0,2,hpmicro:selector:hpm6700;hpmicro:series:hpm6700,2026-09-05T03:28:18+00:00,manufacturer_product_page
hpmicro::hpm6730,HPMicro,general_purpose_mcu,RISC-V,HPM6,HPM6700,HPM6730,2,hpmicro:selector:hpm6700;hpmicro:series:hpm6700,2026-09-05T03:28:18+00:00,manufacturer_product_page
hpmicro::hpm6750,HPMicro,general_purpose_mcu,RISC-V,HPM6,HPM6700,HPM6750,2,hpmicro:sdk:v1.12.1:hpm6750;hpmicro:selector:hpm6700;hpmicro:series:hpm6700,2026-09-05T03:28:18+00:00,manufacturer_product_page
hpmicro::hpm6754,HPMicro,general_purpose_mcu,RISC-V,HPM6,HPM6700,HPM6754,2,hpmicro:selector:hpm6700;hpmicro:series:hpm6700,2026-09-05T03:28:18+00:00,manufacturer_product_page
hpmicro::hpm6830,HPMicro,general_purpose_mcu,RISC-V,HPM6,HPM6800,HPM6830,1,hpmicro:selector:hpm6800;hpmicro:series:hpm6800,2026-09-05T03:28:18+00:00,manufacturer_product_page
hpmicro::hpm6850,HPMicro,general_purpose_mcu,RISC-V,HPM6,HPM6800,HPM6850,1,hpmicro:selector:hpm6800;hpmicro:series:hpm6800,2026-09-05T03:28:18+00:00,manufacturer_product_page
hpmicro::hpm6880,HPMicro,general_purpose_mcu,RISC-V,HPM6,HPM6800,HPM6880,1,hpmicro:sdk:v1.12.1:hpm6880;hpmicro:selector:hpm6800;hpmicro:series:hpm6800,2026-09-05T03:28:18+00:00,manufacturer_product_page
hpmicro::hpm6e50,HPMicro,general_purpose_mcu,RISC-V,HPM6,HPM6E00,HPM6E50,1,hpmicro:selector:hpm6e00;hpmicro:series:hpm6e00,2026-09-05T03:28:18+00:00,manufacturer_product_page
hpmicro::hpm6e60,HPMicro,general_purpose_mcu,RISC-V,HPM6,HPM6E00,HPM6E60,2,hpmicro:selector:hpm6e00;hpmicro:series:hpm6e00,2026-09-05T03:28:18+00:00,manufacturer_product_page
hpmicro::hpm6e6y,HPMicro,general_purpose_mcu,RISC-V,HPM6,HPM6E00,HPM6E6Y,1,hpmicro:selector:hpm6e00;hpmicro:series:hpm6e00,2026-09-05T03:28:18+00:00,manufacturer_product_page
hpmicro::hpm6e70,HPMicro,general_purpose_mcu,RISC-V,HPM6,HPM6E00,HPM6E70,2,hpmicro:selector:hpm6e00;hpmicro:series:hpm6e00,2026-09-05T03:28:18+00:00,manufacturer_product_page
hpmicro::hpm6e80,HPMicro,general_purpose_mcu,RISC-V,HPM6,HPM6E00,HPM6E80,2,hpmicro:sdk:v1.12.1:hpm6e80;hpmicro:selector:hpm6e00;hpmicro:series:hpm6e00,2026-09-05T03:28:18+00:00,manufacturer_product_page
hpmicro::hpm6e84,HPMicro,general_purpose_mcu,RISC-V,HPM6,HPM6E00,HPM6E84,1,hpmicro:selector:hpm6e00;hpmicro:series:hpm6e00,2026-09-05T03:28:18+00:00,manufacturer_product_page
hpmicro::hpm6e8y,HPMicro,general_purpose_mcu,RISC-V,HPM6,HPM6E00,HPM6E8Y,2,hpmicro:selector:hpm6e00;hpmicro:series:hpm6e00,2026-09-05T03:28:18+00:00,manufacturer_product_page
hpmicro::hpm6p31,HPMicro,general_purpose_mcu,RISC-V,HPM6,HPM6P00,HPM6P31,1,hpmicro:selector:hpm6p00;hpmicro:series:hpm6p00,2026-09-05T03:28:18+00:00,manufacturer_product_page
hpmicro::hpm6p41,HPMicro,general_purpose_mcu,RISC-V,HPM6,HPM6P00,HPM6P41,1,hpmicro:selector:hpm6p00;hpmicro:series:hpm6p00,2026-09-05T03:28:18+00:00,manufacturer_product_page
hpmicro::hpm6p81,HPMicro,general_purpose_mcu,RISC-V,HPM6,HPM6P00,HPM6P81,1,hpmicro:sdk:v1.12.1:hpm6p81;hpmicro:selector:hpm6p00;hpmicro:series:hpm6p00,2026-09-05T03:28:18+00:00,manufacturer_product_page
