device_id,device_name,field_name,previous_value,device_db_value,resolution,source_path
infineon::cyw20706ua2kffb4g,CYW20706UA2KFFB4G,lifecycle,unknown,active,official_exact_device_database_preferred,device-db-1e7589fe5ce5c25b68a5d8866c22c142df9b7555/devices/Connectivity-BT-WIFI/20703A2/CYW20706UA2KFFB4G/studio_5.0/view.xml
infineon::cyw20707ua2ekubgt,CYW20707UA2EKUBGT,lifecycle,unknown,active,official_exact_device_database_preferred,device-db-1e7589fe5ce5c25b68a5d8866c22c142df9b7555/devices/Connectivity-BT-WIFI/20703A2/CYW20707UA2EKUBGT/studio_5.0/view.xml
infineon::cyw20719b2kumlg,CYW20719B2KUMLG,lifecycle,unknown,active,official_exact_device_database_preferred,device-db-1e7589fe5ce5c25b68a5d8866c22c142df9b7555/devices/Connectivity-BT-WIFI/20719B2/CYW20719B2KUMLG/studio_5.0/view.xml
infineon::cyw20719b2kwb9g,CYW20719B2KWB9G,lifecycle,unknown,active,official_exact_device_database_preferred,device-db-1e7589fe5ce5c25b68a5d8866c22c142df9b7555/devices/Connectivity-BT-WIFI/20719B2/CYW20719B2KWB9G/studio_5.0/view.xml
infineon::cyw20721b2kumlg,CYW20721B2KUMLG,lifecycle,unknown,active,official_exact_device_database_preferred,device-db-1e7589fe5ce5c25b68a5d8866c22c142df9b7555/devices/Connectivity-BT-WIFI/20721B2/CYW20721B2KUMLG/studio_5.0/view.xml
infineon::cyw20721b2kwb9g,CYW20721B2KWB9G,lifecycle,unknown,active,official_exact_device_database_preferred,device-db-1e7589fe5ce5c25b68a5d8866c22c142df9b7555/devices/Connectivity-BT-WIFI/20721B2/CYW20721B2KWB9G/studio_5.0/view.xml
infineon::cyw20735b1,CYW20735B1,lifecycle,unknown,active,official_exact_device_database_preferred,device-db-1e7589fe5ce5c25b68a5d8866c22c142df9b7555/devices/Connectivity-BT-WIFI/20735B1/CYW20735B1/studio_5.0/view.xml
infineon::cyw20736a1kml2g,CYW20736A1KML2G,lifecycle,unknown,active,official_exact_device_database_preferred,device-db-1e7589fe5ce5c25b68a5d8866c22c142df9b7555/devices/Connectivity-BT-WIFI/20736A1/CYW20736A1KML2G/studio_5.0/view.xml
infineon::cyw20737a1kml2g,CYW20737A1KML2G,lifecycle,unknown,active,official_exact_device_database_preferred,device-db-1e7589fe5ce5c25b68a5d8866c22c142df9b7555/devices/Connectivity-BT-WIFI/20737A1/CYW20737A1KML2G/studio_5.0/view.xml
infineon::cyw20819a1kfb1g,CYW20819A1KFB1G,lifecycle,unknown,active,official_exact_device_database_preferred,device-db-1e7589fe5ce5c25b68a5d8866c22c142df9b7555/devices/Connectivity-BT-WIFI/20819A1/CYW20819A1KFB1G/studio_5.0/view.xml
infineon::cyw20819a1kfbg,CYW20819A1KFBG,lifecycle,unknown,active,official_exact_device_database_preferred,device-db-1e7589fe5ce5c25b68a5d8866c22c142df9b7555/devices/Connectivity-BT-WIFI/20819A1/CYW20819A1KFBG/studio_5.0/view.xml
infineon::cyw20820a1kfb1g,CYW20820A1KFB1G,lifecycle,unknown,active,official_exact_device_database_preferred,device-db-1e7589fe5ce5c25b68a5d8866c22c142df9b7555/devices/Connectivity-BT-WIFI/20820A1/CYW20820A1KFB1G/studio_5.0/view.xml
infineon::cyw20820a1kfbg,CYW20820A1KFBG,lifecycle,unknown,active,official_exact_device_database_preferred,device-db-1e7589fe5ce5c25b68a5d8866c22c142df9b7555/devices/Connectivity-BT-WIFI/20820A1/CYW20820A1KFBG/studio_5.0/view.xml
infineon::cyw89820bwmlg,CYW89820BWMLG,lifecycle,unknown,active,official_exact_device_database_preferred,device-db-1e7589fe5ce5c25b68a5d8866c22c142df9b7555/devices/Connectivity-BT-WIFI/20820A1/CYW89820BWMLG/studio_5.0/view.xml
infineon::cyw20835pb1kml1g,CYW20835PB1KML1G,lifecycle,unknown,active,official_exact_device_database_preferred,device-db-1e7589fe5ce5c25b68a5d8866c22c142df9b7555/devices/Connectivity-BT-WIFI/20835B1/CYW20835PB1KML1G/studio_5.0/view.xml
infineon::cyw30739a0kumlg,CYW30739A0KUMLG,lifecycle,unknown,active,official_exact_device_database_preferred,device-db-1e7589fe5ce5c25b68a5d8866c22c142df9b7555/devices/Connectivity-BT-WIFI/30739A0/CYW30739A0KUMLG/studio_5.0/view.xml
infineon::cyw30739a0kwb9g,CYW30739A0KWB9G,lifecycle,unknown,active,official_exact_device_database_preferred,device-db-1e7589fe5ce5c25b68a5d8866c22c142df9b7555/devices/Connectivity-BT-WIFI/30739A0/CYW30739A0KWB9G/studio_5.0/view.xml
infineon::cyw43012c0wkwbg,CYW43012C0WKWBG,lifecycle,unknown,active,official_exact_device_database_preferred,device-db-1e7589fe5ce5c25b68a5d8866c22c142df9b7555/devices/Connectivity-BT-WIFI/43012C0/CYW43012C0WKWBG/studio_5.0/view.xml
infineon::cyw43012tc0ekubg,CYW43012TC0EKUBG,lifecycle,unknown,active,official_exact_device_database_preferred,device-db-1e7589fe5ce5c25b68a5d8866c22c142df9b7555/devices/Connectivity-BT-WIFI/43012C0/CYW43012TC0EKUBG/studio_5.0/view.xml
infineon::cyw43012tc0kffbh,CYW43012TC0KFFBH,lifecycle,unknown,active,official_exact_device_database_preferred,device-db-1e7589fe5ce5c25b68a5d8866c22c142df9b7555/devices/Connectivity-BT-WIFI/43012C0/CYW43012TC0KFFBH/studio_5.0/view.xml
infineon::cyw43012wkwbg,CYW43012WKWBG,lifecycle,unknown,active,official_exact_device_database_preferred,device-db-1e7589fe5ce5c25b68a5d8866c22c142df9b7555/devices/Connectivity-BT-WIFI/43012C0/CYW43012WKWBG/studio_5.0/view.xml
infineon::cyw43022cub,CYW43022CUB,lifecycle,unknown,active,official_exact_device_database_preferred,device-db-1e7589fe5ce5c25b68a5d8866c22c142df9b7555/devices/Connectivity-BT-WIFI/43022C1/CYW43022CUB/studio_5.0/view.xml
infineon::cyw43907kwbg,CYW43907KWBG,lifecycle,unknown,active,official_exact_device_database_preferred,device-db-1e7589fe5ce5c25b68a5d8866c22c142df9b7555/devices/Connectivity-BT-WIFI/4390x/CYW43907KWBG/studio_5.0/view.xml
infineon::cyw54907kwbg,CYW54907KWBG,lifecycle,unknown,active,official_exact_device_database_preferred,device-db-1e7589fe5ce5c25b68a5d8866c22c142df9b7555/devices/Connectivity-BT-WIFI/4390x/CYW54907KWBG/studio_5.0/view.xml
infineon::cyw55310iubgt,CYW55310IUBGT,lifecycle,unknown,active,official_exact_device_database_preferred,device-db-1e7589fe5ce5c25b68a5d8866c22c142df9b7555/devices/Connectivity-BT-WIFI/55500A1/CYW55310IUBGT/studio_5.0/view.xml
infineon::cyw55513iubg,CYW55513IUBG,lifecycle,unknown,active,official_exact_device_database_preferred,device-db-1e7589fe5ce5c25b68a5d8866c22c142df9b7555/devices/Connectivity-BT-WIFI/55500A1/CYW55513IUBG/studio_5.0/view.xml
infineon::cyw55901iubgt,CYW55901IUBGT,lifecycle,unknown,active,official_exact_device_database_preferred,device-db-1e7589fe5ce5c25b68a5d8866c22c142df9b7555/devices/Connectivity-BT-WIFI/55900A0/CYW55901IUBGT/studio_5.0/view.xml
infineon::cyw55902iubgt,CYW55902IUBGT,lifecycle,unknown,active,official_exact_device_database_preferred,device-db-1e7589fe5ce5c25b68a5d8866c22c142df9b7555/devices/Connectivity-BT-WIFI/55900A0/CYW55902IUBGT/studio_5.0/view.xml
infineon::cyw55903iubgt,CYW55903IUBGT,lifecycle,unknown,active,official_exact_device_database_preferred,device-db-1e7589fe5ce5c25b68a5d8866c22c142df9b7555/devices/Connectivity-BT-WIFI/55900A0/CYW55903IUBGT/studio_5.0/view.xml
infineon::cyw55911iubgt,CYW55911IUBGT,lifecycle,unknown,active,official_exact_device_database_preferred,device-db-1e7589fe5ce5c25b68a5d8866c22c142df9b7555/devices/Connectivity-BT-WIFI/55900A0/CYW55911IUBGT/studio_5.0/view.xml
infineon::cyw55912iubgt,CYW55912IUBGT,lifecycle,unknown,active,official_exact_device_database_preferred,device-db-1e7589fe5ce5c25b68a5d8866c22c142df9b7555/devices/Connectivity-BT-WIFI/55900A0/CYW55912IUBGT/studio_5.0/view.xml
infineon::cyw55913iubgt,CYW55913IUBGT,lifecycle,unknown,active,official_exact_device_database_preferred,device-db-1e7589fe5ce5c25b68a5d8866c22c142df9b7555/devices/Connectivity-BT-WIFI/55900A0/CYW55913IUBGT/studio_5.0/view.xml
infineon::cypd7294-68bfxs,CYPD7294-68BFXS,lifecycle,unknown,active,official_exact_device_database_preferred,device-db-1e7589fe5ce5c25b68a5d8866c22c142df9b7555/devices/M0S8/CCG7D/CYPD7294-68BFXS/studio_5.0/view.xml
infineon::cypd7295-68bfxs,CYPD7295-68BFXS,lifecycle,unknown,active,official_exact_device_database_preferred,device-db-1e7589fe5ce5c25b68a5d8866c22c142df9b7555/devices/M0S8/CCG7D/CYPD7295-68BFXS/studio_5.0/view.xml
infineon::cypd7296-68bfxs,CYPD7296-68BFXS,lifecycle,unknown,active,official_exact_device_database_preferred,device-db-1e7589fe5ce5c25b68a5d8866c22c142df9b7555/devices/M0S8/CCG7D/CYPD7296-68BFXS/studio_5.0/view.xml
infineon::cypd7297-68bfxs,CYPD7297-68BFXS,lifecycle,unknown,active,official_exact_device_database_preferred,device-db-1e7589fe5ce5c25b68a5d8866c22c142df9b7555/devices/M0S8/CCG7D/CYPD7297-68BFXS/studio_5.0/view.xml
infineon::cypd7197-40bfxs,CYPD7197-40BFXS,lifecycle,unknown,active,official_exact_device_database_preferred,device-db-1e7589fe5ce5c25b68a5d8866c22c142df9b7555/devices/M0S8/CCG7S/CYPD7197-40BFXS/studio_5.0/view.xml
infineon::cypas211-32lqxq,CYPAS211-32LQXQ,lifecycle,unknown,active,official_exact_device_database_preferred,device-db-1e7589fe5ce5c25b68a5d8866c22c142df9b7555/devices/M0S8/PAG2S/CYPAS211-32LQXQ/studio_5.0/view.xml
infineon::cypas212-32lqxq,CYPAS212-32LQXQ,lifecycle,unknown,active,official_exact_device_database_preferred,device-db-1e7589fe5ce5c25b68a5d8866c22c142df9b7555/devices/M0S8/PAG2S/CYPAS212-32LQXQ/studio_5.0/view.xml
infineon::cypas213-24sxq,CYPAS213-24SXQ,lifecycle,unknown,active,official_exact_device_database_preferred,device-db-1e7589fe5ce5c25b68a5d8866c22c142df9b7555/devices/M0S8/PAG2S/CYPAS213-24SXQ/studio_5.0/view.xml
infineon::cypas213-32lqxq,CYPAS213-32LQXQ,lifecycle,unknown,active,official_exact_device_database_preferred,device-db-1e7589fe5ce5c25b68a5d8866c22c142df9b7555/devices/M0S8/PAG2S/CYPAS213-32LQXQ/studio_5.0/view.xml
infineon::cypas2174-32lqxq,CYPAS2174-32LQXQ,lifecycle,unknown,active,official_exact_device_database_preferred,device-db-1e7589fe5ce5c25b68a5d8866c22c142df9b7555/devices/M0S8/PAG2S/CYPAS2174-32LQXQ/studio_5.0/view.xml
infineon::cy8cindsazi-343,CY8CINDSAZI-343,lifecycle,unknown,active,official_exact_device_database_preferred,device-db-1e7589fe5ce5c25b68a5d8866c22c142df9b7555/devices/M0S8/PSoC4AS1/CY8CINDSAZI-343/studio_5.0/view.xml
infineon::cyusb2315-bf104axi,CYUSB2315-BF104AXI,lifecycle,unknown,active,official_exact_device_database_preferred,device-db-1e7589fe5ce5c25b68a5d8866c22c142df9b7555/devices/MXS40/FX3G2/CYUSB2315-BF104AXI/studio_5.0/view.xml
infineon::cyusb2315a-bf104axi,CYUSB2315A-BF104AXI,lifecycle,unknown,active,official_exact_device_database_preferred,device-db-1e7589fe5ce5c25b68a5d8866c22c142df9b7555/devices/MXS40/FX3G2/CYUSB2315A-BF104AXI/studio_5.0/view.xml
infineon::cyusb2316-bf104axi,CYUSB2316-BF104AXI,lifecycle,unknown,active,official_exact_device_database_preferred,device-db-1e7589fe5ce5c25b68a5d8866c22c142df9b7555/devices/MXS40/FX3G2/CYUSB2316-BF104AXI/studio_5.0/view.xml
infineon::cyusb2317-bf104axi,CYUSB2317-BF104AXI,lifecycle,unknown,active,official_exact_device_database_preferred,device-db-1e7589fe5ce5c25b68a5d8866c22c142df9b7555/devices/MXS40/FX3G2/CYUSB2317-BF104AXI/studio_5.0/view.xml
infineon::cyusb2318-bf104axi,CYUSB2318-BF104AXI,lifecycle,unknown,active,official_exact_device_database_preferred,device-db-1e7589fe5ce5c25b68a5d8866c22c142df9b7555/devices/MXS40/FX3G2/CYUSB2318-BF104AXI/studio_5.0/view.xml
infineon::cyusb3081-fcaxi,CYUSB3081-FCAXI,lifecycle,unknown,active,official_exact_device_database_preferred,device-db-1e7589fe5ce5c25b68a5d8866c22c142df9b7555/devices/MXS40/FX3G2/CYUSB3081-FCAXI/studio_5.0/view.xml
infineon::cyusb3082-fcaxi,CYUSB3082-FCAXI,lifecycle,unknown,active,official_exact_device_database_preferred,device-db-1e7589fe5ce5c25b68a5d8866c22c142df9b7555/devices/MXS40/FX3G2/CYUSB3082-FCAXI/studio_5.0/view.xml
infineon::cyusb3083-fcaxi,CYUSB3083-FCAXI,lifecycle,unknown,active,official_exact_device_database_preferred,device-db-1e7589fe5ce5c25b68a5d8866c22c142df9b7555/devices/MXS40/FX3G2/CYUSB3083-FCAXI/studio_5.0/view.xml
infineon::cyusb3084-fcaxi,CYUSB3084-FCAXI,lifecycle,unknown,active,official_exact_device_database_preferred,device-db-1e7589fe5ce5c25b68a5d8866c22c142df9b7555/devices/MXS40/FX3G2/CYUSB3084-FCAXI/studio_5.0/view.xml
infineon::cyusb3282-fcaxi,CYUSB3282-FCAXI,lifecycle,unknown,active,official_exact_device_database_preferred,device-db-1e7589fe5ce5c25b68a5d8866c22c142df9b7555/devices/MXS40/FX3G2/CYUSB3282-FCAXI/studio_5.0/view.xml
infineon::cyusb3284-fcaxi,CYUSB3284-FCAXI,lifecycle,unknown,active,official_exact_device_database_preferred,device-db-1e7589fe5ce5c25b68a5d8866c22c142df9b7555/devices/MXS40/FX3G2/CYUSB3284-FCAXI/studio_5.0/view.xml
infineon::cyusb4011-fcaxi,CYUSB4011-FCAXI,lifecycle,unknown,active,official_exact_device_database_preferred,device-db-1e7589fe5ce5c25b68a5d8866c22c142df9b7555/devices/MXS40/FX3G2/CYUSB4011-FCAXI/studio_5.0/view.xml
infineon::cyusb4012-fcaxi,CYUSB4012-FCAXI,lifecycle,unknown,active,official_exact_device_database_preferred,device-db-1e7589fe5ce5c25b68a5d8866c22c142df9b7555/devices/MXS40/FX3G2/CYUSB4012-FCAXI/studio_5.0/view.xml
infineon::cyusb4013-fcaxi,CYUSB4013-FCAXI,lifecycle,unknown,active,official_exact_device_database_preferred,device-db-1e7589fe5ce5c25b68a5d8866c22c142df9b7555/devices/MXS40/FX3G2/CYUSB4013-FCAXI/studio_5.0/view.xml
infineon::cyusb4014-fcaxi,CYUSB4014-FCAXI,lifecycle,unknown,active,official_exact_device_database_preferred,device-db-1e7589fe5ce5c25b68a5d8866c22c142df9b7555/devices/MXS40/FX3G2/CYUSB4014-FCAXI/studio_5.0/view.xml
infineon::cyusb4021-fcaxi,CYUSB4021-FCAXI,lifecycle,unknown,active,official_exact_device_database_preferred,device-db-1e7589fe5ce5c25b68a5d8866c22c142df9b7555/devices/MXS40/FX3G2/CYUSB4021-FCAXI/studio_5.0/view.xml
infineon::cyusb4022-fcaxi,CYUSB4022-FCAXI,lifecycle,unknown,active,official_exact_device_database_preferred,device-db-1e7589fe5ce5c25b68a5d8866c22c142df9b7555/devices/MXS40/FX3G2/CYUSB4022-FCAXI/studio_5.0/view.xml
infineon::cyusb4024-bzxi,CYUSB4024-BZXI,lifecycle,unknown,active,official_exact_device_database_preferred,device-db-1e7589fe5ce5c25b68a5d8866c22c142df9b7555/devices/MXS40/FX3G2/CYUSB4024-BZXI/studio_5.0/view.xml
infineon::cy8c6248azi-d14,CY8C6248AZI-D14,lifecycle,unknown,obsolete,official_exact_device_database_preferred,device-db-1e7589fe5ce5c25b68a5d8866c22c142df9b7555/devices/MXS40/PSoC6A2M/CY8C6248AZI-D14/studio_5.0/view.xml
infineon::cy8c6248azi-d44,CY8C6248AZI-D44,lifecycle,unknown,obsolete,official_exact_device_database_preferred,device-db-1e7589fe5ce5c25b68a5d8866c22c142df9b7555/devices/MXS40/PSoC6A2M/CY8C6248AZI-D44/studio_5.0/view.xml
infineon::cy8c6248bzi-d44,CY8C6248BZI-D44,lifecycle,unknown,obsolete,official_exact_device_database_preferred,device-db-1e7589fe5ce5c25b68a5d8866c22c142df9b7555/devices/MXS40/PSoC6A2M/CY8C6248BZI-D44/studio_5.0/view.xml
infineon::cy8c6248fni-d43,CY8C6248FNI-D43,lifecycle,unknown,obsolete,official_exact_device_database_preferred,device-db-1e7589fe5ce5c25b68a5d8866c22c142df9b7555/devices/MXS40/PSoC6A2M/CY8C6248FNI-D43/studio_5.0/view.xml
infineon::cy8c624aazi-d14,CY8C624AAZI-D14,lifecycle,unknown,obsolete,official_exact_device_database_preferred,device-db-1e7589fe5ce5c25b68a5d8866c22c142df9b7555/devices/MXS40/PSoC6A2M/CY8C624AAZI-D14/studio_5.0/view.xml
infineon::cy8c624aazi-d44,CY8C624AAZI-D44,lifecycle,unknown,obsolete,official_exact_device_database_preferred,device-db-1e7589fe5ce5c25b68a5d8866c22c142df9b7555/devices/MXS40/PSoC6A2M/CY8C624AAZI-D44/studio_5.0/view.xml
infineon::cy8c624abzi-d04,CY8C624ABZI-D04,lifecycle,unknown,obsolete,official_exact_device_database_preferred,device-db-1e7589fe5ce5c25b68a5d8866c22c142df9b7555/devices/MXS40/PSoC6A2M/CY8C624ABZI-D04/studio_5.0/view.xml
infineon::cy8c624abzi-d14,CY8C624ABZI-D14,lifecycle,unknown,obsolete,official_exact_device_database_preferred,device-db-1e7589fe5ce5c25b68a5d8866c22c142df9b7555/devices/MXS40/PSoC6A2M/CY8C624ABZI-D14/studio_5.0/view.xml
infineon::cy8c624abzi-d44,CY8C624ABZI-D44,lifecycle,unknown,obsolete,official_exact_device_database_preferred,device-db-1e7589fe5ce5c25b68a5d8866c22c142df9b7555/devices/MXS40/PSoC6A2M/CY8C624ABZI-D44/studio_5.0/view.xml
infineon::cy8c624afni-d43,CY8C624AFNI-D43,lifecycle,unknown,obsolete,official_exact_device_database_preferred,device-db-1e7589fe5ce5c25b68a5d8866c22c142df9b7555/devices/MXS40/PSoC6A2M/CY8C624AFNI-D43/studio_5.0/view.xml
infineon::cy8c624alqi-d42,CY8C624ALQI-D42,lifecycle,unknown,obsolete,official_exact_device_database_preferred,device-db-1e7589fe5ce5c25b68a5d8866c22c142df9b7555/devices/MXS40/PSoC6A2M/CY8C624ALQI-D42/studio_5.0/view.xml
infineon::cy8c6336bzi-bud13,CY8C6336BZI-BUD13,lifecycle,unknown,active,official_exact_device_database_preferred,device-db-1e7589fe5ce5c25b68a5d8866c22c142df9b7555/devices/MXS40/PSoC6ABLE2/CY8C6336BZI-BUD13/studio_5.0/view.xml
infineon::cy8c6347bzi-bud33,CY8C6347BZI-BUD33,lifecycle,unknown,active,official_exact_device_database_preferred,device-db-1e7589fe5ce5c25b68a5d8866c22c142df9b7555/devices/MXS40/PSoC6ABLE2/CY8C6347BZI-BUD33/studio_5.0/view.xml
infineon::cy8c6347bzi-bud43,CY8C6347BZI-BUD43,lifecycle,unknown,active,official_exact_device_database_preferred,device-db-1e7589fe5ce5c25b68a5d8866c22c142df9b7555/devices/MXS40/PSoC6ABLE2/CY8C6347BZI-BUD43/studio_5.0/view.xml
infineon::cy8c6347bzi-bud53,CY8C6347BZI-BUD53,lifecycle,unknown,active,official_exact_device_database_preferred,device-db-1e7589fe5ce5c25b68a5d8866c22c142df9b7555/devices/MXS40/PSoC6ABLE2/CY8C6347BZI-BUD53/studio_5.0/view.xml
infineon::cy8c637bzi-bld74,CY8C637BZI-BLD74,lifecycle,unknown,active,official_exact_device_database_preferred,device-db-1e7589fe5ce5c25b68a5d8866c22c142df9b7555/devices/MXS40/PSoC6ABLE2/CY8C637BZI-BLD74/studio_5.0/view.xml
infineon::cy8c637bzi-md76,CY8C637BZI-MD76,lifecycle,unknown,active,official_exact_device_database_preferred,device-db-1e7589fe5ce5c25b68a5d8866c22c142df9b7555/devices/MXS40/PSoC6ABLE2/CY8C637BZI-MD76/studio_5.0/view.xml
infineon::cy8c637fmi-bld73,CY8C637FMI-BLD73,lifecycle,unknown,active,official_exact_device_database_preferred,device-db-1e7589fe5ce5c25b68a5d8866c22c142df9b7555/devices/MXS40/PSoC6ABLE2/CY8C637FMI-BLD73/studio_5.0/view.xml
infineon::cy8c68237bz-ble,CY8C68237BZ-BLE,lifecycle,unknown,active,official_exact_device_database_preferred,device-db-1e7589fe5ce5c25b68a5d8866c22c142df9b7555/devices/MXS40/PSoC6ABLE2/CY8C68237BZ-BLE/studio_5.0/view.xml
infineon::cy8c68237fm-ble,CY8C68237FM-BLE,lifecycle,unknown,active,official_exact_device_database_preferred,device-db-1e7589fe5ce5c25b68a5d8866c22c142df9b7555/devices/MXS40/PSoC6ABLE2/CY8C68237FM-BLE/studio_5.0/view.xml
infineon::cyble-416045-02-device,CYBLE-416045-02-device,lifecycle,unknown,hidden,official_exact_device_database_preferred,device-db-1e7589fe5ce5c25b68a5d8866c22c142df9b7555/devices/MXS40/PSoC6ABLE2/CYBLE-416045-02-device/studio_5.0/view.xml
infineon::cyt6bj8dde,CYT6BJ8DDE,lifecycle,unknown,active,official_exact_device_database_preferred,device-db-1e7589fe5ce5c25b68a5d8866c22c142df9b7555/devices/MXS40/TVIIBH16M/CYT6BJ8DDE/studio_5.0/view.xml
infineon::cyt6bj8dds,CYT6BJ8DDS,lifecycle,unknown,active,official_exact_device_database_preferred,device-db-1e7589fe5ce5c25b68a5d8866c22c142df9b7555/devices/MXS40/TVIIBH16M/CYT6BJ8DDS/studio_5.0/view.xml
infineon::cyt6bjbdhe,CYT6BJBDHE,lifecycle,unknown,active,official_exact_device_database_preferred,device-db-1e7589fe5ce5c25b68a5d8866c22c142df9b7555/devices/MXS40/TVIIBH16M/CYT6BJBDHE/studio_5.0/view.xml
infineon::cyt6bjbdhs,CYT6BJBDHS,lifecycle,unknown,active,official_exact_device_database_preferred,device-db-1e7589fe5ce5c25b68a5d8866c22c142df9b7555/devices/MXS40/TVIIBH16M/CYT6BJBDHS/studio_5.0/view.xml
infineon::cyt6bjcdhe,CYT6BJCDHE,lifecycle,unknown,active,official_exact_device_database_preferred,device-db-1e7589fe5ce5c25b68a5d8866c22c142df9b7555/devices/MXS40/TVIIBH16M/CYT6BJCDHE/studio_5.0/view.xml
infineon::cyt6bjcdhs,CYT6BJCDHS,lifecycle,unknown,active,official_exact_device_database_preferred,device-db-1e7589fe5ce5c25b68a5d8866c22c142df9b7555/devices/MXS40/TVIIBH16M/CYT6BJCDHS/studio_5.0/view.xml
infineon::psc3m3edleq1,PSC3M3EDLEQ1,lifecycle,unknown,active,official_exact_device_database_preferred,device-db-1e7589fe5ce5c25b68a5d8866c22c142df9b7555/devices/MXS40Sv2/BOY2/PSC3M3EDLEQ1/studio_5.0/view.xml
infineon::psc3m3edylgq1,PSC3M3EDYLGQ1,lifecycle,unknown,active,official_exact_device_database_preferred,device-db-1e7589fe5ce5c25b68a5d8866c22c142df9b7555/devices/MXS40Sv2/BOY2/PSC3M3EDYLGQ1/studio_5.0/view.xml
infineon::psc3m3fds2leq1,PSC3M3FDS2LEQ1,lifecycle,unknown,active,official_exact_device_database_preferred,device-db-1e7589fe5ce5c25b68a5d8866c22c142df9b7555/devices/MXS40Sv2/BOY2/PSC3M3FDS2LEQ1/studio_5.0/view.xml
infineon::psc3m3fds2ylgq1,PSC3M3FDS2YLGQ1,lifecycle,unknown,active,official_exact_device_database_preferred,device-db-1e7589fe5ce5c25b68a5d8866c22c142df9b7555/devices/MXS40Sv2/BOY2/PSC3M3FDS2YLGQ1/studio_5.0/view.xml
infineon::psc3m5edleq1,PSC3M5EDLEQ1,lifecycle,unknown,active,official_exact_device_database_preferred,device-db-1e7589fe5ce5c25b68a5d8866c22c142df9b7555/devices/MXS40Sv2/BOY2/PSC3M5EDLEQ1/studio_5.0/view.xml
infineon::psc3m5edylgq1,PSC3M5EDYLGQ1,lifecycle,unknown,active,official_exact_device_database_preferred,device-db-1e7589fe5ce5c25b68a5d8866c22c142df9b7555/devices/MXS40Sv2/BOY2/PSC3M5EDYLGQ1/studio_5.0/view.xml
infineon::psc3m5fds2leq1,PSC3M5FDS2LEQ1,lifecycle,unknown,active,official_exact_device_database_preferred,device-db-1e7589fe5ce5c25b68a5d8866c22c142df9b7555/devices/MXS40Sv2/BOY2/PSC3M5FDS2LEQ1/studio_5.0/view.xml
infineon::psc3m5fds2ylgq1,PSC3M5FDS2YLGQ1,lifecycle,unknown,active,official_exact_device_database_preferred,device-db-1e7589fe5ce5c25b68a5d8866c22c142df9b7555/devices/MXS40Sv2/BOY2/PSC3M5FDS2YLGQ1/studio_5.0/view.xml
infineon::psc3p2edleq1,PSC3P2EDLEQ1,lifecycle,unknown,active,official_exact_device_database_preferred,device-db-1e7589fe5ce5c25b68a5d8866c22c142df9b7555/devices/MXS40Sv2/BOY2/PSC3P2EDLEQ1/studio_5.0/view.xml
infineon::psc3p2edylgq1,PSC3P2EDYLGQ1,lifecycle,unknown,active,official_exact_device_database_preferred,device-db-1e7589fe5ce5c25b68a5d8866c22c142df9b7555/devices/MXS40Sv2/BOY2/PSC3P2EDYLGQ1/studio_5.0/view.xml
infineon::psc3p2fds2leq1,PSC3P2FDS2LEQ1,lifecycle,unknown,active,official_exact_device_database_preferred,device-db-1e7589fe5ce5c25b68a5d8866c22c142df9b7555/devices/MXS40Sv2/BOY2/PSC3P2FDS2LEQ1/studio_5.0/view.xml
infineon::psc3p2fds2ylgq1,PSC3P2FDS2YLGQ1,lifecycle,unknown,active,official_exact_device_database_preferred,device-db-1e7589fe5ce5c25b68a5d8866c22c142df9b7555/devices/MXS40Sv2/BOY2/PSC3P2FDS2YLGQ1/studio_5.0/view.xml
infineon::psc3p5edleq1,PSC3P5EDLEQ1,lifecycle,unknown,active,official_exact_device_database_preferred,device-db-1e7589fe5ce5c25b68a5d8866c22c142df9b7555/devices/MXS40Sv2/BOY2/PSC3P5EDLEQ1/studio_5.0/view.xml
infineon::psc3p5edylgq1,PSC3P5EDYLGQ1,lifecycle,unknown,active,official_exact_device_database_preferred,device-db-1e7589fe5ce5c25b68a5d8866c22c142df9b7555/devices/MXS40Sv2/BOY2/PSC3P5EDYLGQ1/studio_5.0/view.xml
infineon::psc3p5fds2leq1,PSC3P5FDS2LEQ1,lifecycle,unknown,active,official_exact_device_database_preferred,device-db-1e7589fe5ce5c25b68a5d8866c22c142df9b7555/devices/MXS40Sv2/BOY2/PSC3P5FDS2LEQ1/studio_5.0/view.xml
infineon::psc3p5fds2ylgq1,PSC3P5FDS2YLGQ1,lifecycle,unknown,active,official_exact_device_database_preferred,device-db-1e7589fe5ce5c25b68a5d8866c22c142df9b7555/devices/MXS40Sv2/BOY2/PSC3P5FDS2YLGQ1/studio_5.0/view.xml
infineon::cyw20829b0000,CYW20829B0000,lifecycle,unknown,active,official_exact_device_database_preferred,device-db-1e7589fe5ce5c25b68a5d8866c22c142df9b7555/devices/MXS40Sv2/CYW20829/CYW20829B0000/studio_5.0/view.xml
infineon::cyw20829b0010,CYW20829B0010,lifecycle,unknown,active,official_exact_device_database_preferred,device-db-1e7589fe5ce5c25b68a5d8866c22c142df9b7555/devices/MXS40Sv2/CYW20829/CYW20829B0010/studio_5.0/view.xml
infineon::cyw20829b0lkml,CYW20829B0LKML,lifecycle,unknown,active,official_exact_device_database_preferred,device-db-1e7589fe5ce5c25b68a5d8866c22c142df9b7555/devices/MXS40Sv2/CYW20829/CYW20829B0LKML/studio_5.0/view.xml
infineon::cyw20829b1000,CYW20829B1000,lifecycle,unknown,active,official_exact_device_database_preferred,device-db-1e7589fe5ce5c25b68a5d8866c22c142df9b7555/devices/MXS40Sv2/CYW20829/CYW20829B1000/studio_5.0/view.xml
infineon::cyw20829b1010,CYW20829B1010,lifecycle,unknown,active,official_exact_device_database_preferred,device-db-1e7589fe5ce5c25b68a5d8866c22c142df9b7555/devices/MXS40Sv2/CYW20829/CYW20829B1010/studio_5.0/view.xml
infineon::cyw20829b1240,CYW20829B1240,lifecycle,unknown,active,official_exact_device_database_preferred,device-db-1e7589fe5ce5c25b68a5d8866c22c142df9b7555/devices/MXS40Sv2/CYW20829/CYW20829B1240/studio_5.0/view.xml
infineon::cyw20829b1340,CYW20829B1340,lifecycle,unknown,active,official_exact_device_database_preferred,device-db-1e7589fe5ce5c25b68a5d8866c22c142df9b7555/devices/MXS40Sv2/CYW20829/CYW20829B1340/studio_5.0/view.xml
infineon::cyw89829b0062,CYW89829B0062,lifecycle,unknown,active,official_exact_device_database_preferred,device-db-1e7589fe5ce5c25b68a5d8866c22c142df9b7555/devices/MXS40Sv2/CYW20829/CYW89829B0062/studio_5.0/view.xml
infineon::cyw89829b0232,CYW89829B0232,lifecycle,unknown,active,official_exact_device_database_preferred,device-db-1e7589fe5ce5c25b68a5d8866c22c142df9b7555/devices/MXS40Sv2/CYW20829/CYW89829B0232/studio_5.0/view.xml
infineon::cyw89829b1062,CYW89829B1062,lifecycle,unknown,active,official_exact_device_database_preferred,device-db-1e7589fe5ce5c25b68a5d8866c22c142df9b7555/devices/MXS40Sv2/CYW20829/CYW89829B1062/studio_5.0/view.xml
infineon::cyw89829b1232,CYW89829B1232,lifecycle,unknown,active,official_exact_device_database_preferred,device-db-1e7589fe5ce5c25b68a5d8866c22c142df9b7555/devices/MXS40Sv2/CYW20829/CYW89829B1232/studio_5.0/view.xml
infineon::psc3m6fds2acq1,PSC3M6FDS2ACQ1,lifecycle,unknown,active,official_exact_device_database_preferred,device-db-1e7589fe5ce5c25b68a5d8866c22c142df9b7555/devices/MXS40Sv2/PSC3M6/PSC3M6FDS2ACQ1/studio_5.0/view.xml
infineon::psc3m6fds2afq1,PSC3M6FDS2AFQ1,lifecycle,unknown,active,official_exact_device_database_preferred,device-db-1e7589fe5ce5c25b68a5d8866c22c142df9b7555/devices/MXS40Sv2/PSC3M6/PSC3M6FDS2AFQ1/studio_5.0/view.xml
infineon::psc3m6fds2ahq1,PSC3M6FDS2AHQ1,lifecycle,unknown,active,official_exact_device_database_preferred,device-db-1e7589fe5ce5c25b68a5d8866c22c142df9b7555/devices/MXS40Sv2/PSC3M6/PSC3M6FDS2AHQ1/studio_5.0/view.xml
infineon::psc3m6ges3acq1,PSC3M6GES3ACQ1,lifecycle,unknown,active,official_exact_device_database_preferred,device-db-1e7589fe5ce5c25b68a5d8866c22c142df9b7555/devices/MXS40Sv2/PSC3M6/PSC3M6GES3ACQ1/studio_5.0/view.xml
infineon::psc3m6ges3afq1,PSC3M6GES3AFQ1,lifecycle,unknown,active,official_exact_device_database_preferred,device-db-1e7589fe5ce5c25b68a5d8866c22c142df9b7555/devices/MXS40Sv2/PSC3M6/PSC3M6GES3AFQ1/studio_5.0/view.xml
infineon::psc3m6ges3ahq1,PSC3M6GES3AHQ1,lifecycle,unknown,active,official_exact_device_database_preferred,device-db-1e7589fe5ce5c25b68a5d8866c22c142df9b7555/devices/MXS40Sv2/PSC3M6/PSC3M6GES3AHQ1/studio_5.0/view.xml
infineon::psc3p6fds2acq1,PSC3P6FDS2ACQ1,lifecycle,unknown,active,official_exact_device_database_preferred,device-db-1e7589fe5ce5c25b68a5d8866c22c142df9b7555/devices/MXS40Sv2/PSC3M6/PSC3P6FDS2ACQ1/studio_5.0/view.xml
infineon::psc3p6fds2afq1,PSC3P6FDS2AFQ1,lifecycle,unknown,active,official_exact_device_database_preferred,device-db-1e7589fe5ce5c25b68a5d8866c22c142df9b7555/devices/MXS40Sv2/PSC3M6/PSC3P6FDS2AFQ1/studio_5.0/view.xml
infineon::psc3p6fds2ahq1,PSC3P6FDS2AHQ1,lifecycle,unknown,active,official_exact_device_database_preferred,device-db-1e7589fe5ce5c25b68a5d8866c22c142df9b7555/devices/MXS40Sv2/PSC3M6/PSC3P6FDS2AHQ1/studio_5.0/view.xml
infineon::psc3p6ges3acq1,PSC3P6GES3ACQ1,lifecycle,unknown,active,official_exact_device_database_preferred,device-db-1e7589fe5ce5c25b68a5d8866c22c142df9b7555/devices/MXS40Sv2/PSC3M6/PSC3P6GES3ACQ1/studio_5.0/view.xml
infineon::psc3p6ges3afq1,PSC3P6GES3AFQ1,lifecycle,unknown,active,official_exact_device_database_preferred,device-db-1e7589fe5ce5c25b68a5d8866c22c142df9b7555/devices/MXS40Sv2/PSC3M6/PSC3P6GES3AFQ1/studio_5.0/view.xml
infineon::psc3p6ges3ahq1,PSC3P6GES3AHQ1,lifecycle,unknown,active,official_exact_device_database_preferred,device-db-1e7589fe5ce5c25b68a5d8866c22c142df9b7555/devices/MXS40Sv2/PSC3M6/PSC3P6GES3AHQ1/studio_5.0/view.xml
infineon::xmc1100-t038x0128,XMC1100-T038x0128,lifecycle,unknown,active,official_exact_device_database_preferred,device-db-1e7589fe5ce5c25b68a5d8866c22c142df9b7555/devices/XMC/XMC1100/XMC1100-T038x0128/studio_5.0/view.xml
infineon::xmc1100-t038x0200,XMC1100-T038x0200,lifecycle,unknown,active,official_exact_device_database_preferred,device-db-1e7589fe5ce5c25b68a5d8866c22c142df9b7555/devices/XMC/XMC1100/XMC1100-T038x0200/studio_5.0/view.xml
infineon::xmc1401-f048x0032,XMC1401-F048x0032,lifecycle,unknown,active,official_exact_device_database_preferred,device-db-1e7589fe5ce5c25b68a5d8866c22c142df9b7555/devices/XMC/XMC1400/XMC1401-F048x0032/studio_5.0/view.xml
infineon::xmc1401-f048x0064,XMC1401-F048x0064,lifecycle,unknown,active,official_exact_device_database_preferred,device-db-1e7589fe5ce5c25b68a5d8866c22c142df9b7555/devices/XMC/XMC1400/XMC1401-F048x0064/studio_5.0/view.xml
infineon::xmc1401-f048x0128,XMC1401-F048x0128,lifecycle,unknown,active,official_exact_device_database_preferred,device-db-1e7589fe5ce5c25b68a5d8866c22c142df9b7555/devices/XMC/XMC1400/XMC1401-F048x0128/studio_5.0/view.xml
infineon::xmc1401-f048x0200,XMC1401-F048x0200,lifecycle,unknown,active,official_exact_device_database_preferred,device-db-1e7589fe5ce5c25b68a5d8866c22c142df9b7555/devices/XMC/XMC1400/XMC1401-F048x0200/studio_5.0/view.xml
infineon::xmc1402-f048x0032,XMC1402-F048x0032,lifecycle,unknown,active,official_exact_device_database_preferred,device-db-1e7589fe5ce5c25b68a5d8866c22c142df9b7555/devices/XMC/XMC1400/XMC1402-F048x0032/studio_5.0/view.xml
infineon::xmc1402-f048x0064,XMC1402-F048x0064,lifecycle,unknown,active,official_exact_device_database_preferred,device-db-1e7589fe5ce5c25b68a5d8866c22c142df9b7555/devices/XMC/XMC1400/XMC1402-F048x0064/studio_5.0/view.xml
infineon::xmc1402-f048x0128,XMC1402-F048x0128,lifecycle,unknown,active,official_exact_device_database_preferred,device-db-1e7589fe5ce5c25b68a5d8866c22c142df9b7555/devices/XMC/XMC1400/XMC1402-F048x0128/studio_5.0/view.xml
infineon::xmc1402-f048x0200,XMC1402-F048x0200,lifecycle,unknown,active,official_exact_device_database_preferred,device-db-1e7589fe5ce5c25b68a5d8866c22c142df9b7555/devices/XMC/XMC1400/XMC1402-F048x0200/studio_5.0/view.xml
infineon::xmc1404-f048x0064,XMC1404-F048x0064,lifecycle,unknown,active,official_exact_device_database_preferred,device-db-1e7589fe5ce5c25b68a5d8866c22c142df9b7555/devices/XMC/XMC1400/XMC1404-F048x0064/studio_5.0/view.xml
infineon::xmc1404-f048x0128,XMC1404-F048x0128,lifecycle,unknown,active,official_exact_device_database_preferred,device-db-1e7589fe5ce5c25b68a5d8866c22c142df9b7555/devices/XMC/XMC1400/XMC1404-F048x0128/studio_5.0/view.xml
infineon::xmc1404-f048x0200,XMC1404-F048x0200,lifecycle,unknown,active,official_exact_device_database_preferred,device-db-1e7589fe5ce5c25b68a5d8866c22c142df9b7555/devices/XMC/XMC1400/XMC1404-F048x0200/studio_5.0/view.xml
