record_type,record_id,field_name,source_id,source_url,source_path,source_value_json,observed_at,verification_status
device,puya::py32f002bx5,documents_json,puya:official-product-table:py32f002b,https://www.puyasemi.com/en/py32f002b.html,all exact product-table rows,"{""datasheet_url"": ""https://www.puyasemi.com/download_path/%E6%95%B0%E6%8D%AE%E6%89%8B%E5%86%8C/MCU/PY32F002B_Datasheet_V1.8.pdf""}",2026-09-07T08:57:27+00:00,official_product_table_shared_datasheet
device,puya::py32f002bx5,max_clock_hz,puya:official-product-table:py32f002b,https://www.puyasemi.com/en/py32f002b.html,unanimous exact product-line / core / Flash / SRAM ordering-code rows,"[{""max_clock_mhz"": ""24"", ""part_number"": ""PY32F002BF15P6""}, {""max_clock_mhz"": ""24"", ""part_number"": ""PY32F002BF15U6""}, {""max_clock_mhz"": ""24"", ""part_number"": ""PY32F002BW15S6""}, {""max_clock_mhz"": ""24"", ""part_number"": ""PY32F002BD15S6""}, {""max_clock_mhz"": ""24"", ""part_number"": ""PY32F002BF15U7""}, {""max_clock_mhz"": ""24"", ""part_number"": ""PY32F002BF15P7""}, {""max_clock_mhz"": ""24"", ""part_number"": ""PY32F002BF15S7""}, {""max_clock_mhz"": ""24"", ""part_number"": ""PY32F002BW15U7""}, {""max_clock_mhz"": ""24"", ""part_number"": ""PY32F002BW15S7""}, {""max_clock_mhz"": ""24"", ""part_number"": ""PY32F002BD15S7""}, {""max_clock_mhz"": ""24"", ""part_number"": ""PY32F002BL15S7""}]",2026-09-07T08:57:27+00:00,official_product_table_unanimous_variant_value
device,puya::py32f002bx5,documents_json,puya:official-product-table:py32f002b,https://www.puyasemi.com/en/py32f002b.html,exact compatible ordering-code rows,"{""datasheet_url"": ""https://www.puyasemi.com/download_path/%E6%95%B0%E6%8D%AE%E6%89%8B%E5%86%8C/MCU/PY32F002B_Datasheet_V1.8.pdf"", ""part_numbers"": [""PY32F002BF15P6"", ""PY32F002BF15U6"", ""PY32F002BW15S6"", ""PY32F002BD15S6"", ""PY32F002BF15U7"", ""PY32F002BF15P7"", ""PY32F002BF15S7"", ""PY32F002BW15U7"", ""PY32F002BW15S7"", ""PY32F002BD15S7"", ""PY32F002BL15S7""]}",2026-09-07T08:57:27+00:00,official_product_table_compatible_datasheet
device,puya::py32f002bx5,package_types,puya:official-product-table:py32f002b,https://www.puyasemi.com/en/py32f002b.html,exact compatible ordering-code rows,"[{""package"": ""TSSOP20"", ""part_number"": ""PY32F002BF15P6""}, {""package"": ""QFN20"", ""part_number"": ""PY32F002BF15U6""}, {""package"": ""SOP16"", ""part_number"": ""PY32F002BW15S6""}, {""package"": ""SOP14"", ""part_number"": ""PY32F002BD15S6""}, {""package"": ""QFN20"", ""part_number"": ""PY32F002BF15U7""}, {""package"": ""TSSOP20"", ""part_number"": ""PY32F002BF15P7""}, {""package"": ""SOP20"", ""part_number"": ""PY32F002BF15S7""}, {""package"": ""QFN16"", ""part_number"": ""PY32F002BW15U7""}, {""package"": ""SOP16"", ""part_number"": ""PY32F002BW15S7""}, {""package"": ""SOP14"", ""part_number"": ""PY32F002BD15S7""}, {""package"": ""SOP8"", ""part_number"": ""PY32F002BL15S7""}]",2026-09-07T08:57:27+00:00,official_product_table_compatible_rows
device,puya::py32f002bx5,pin_counts,puya:official-product-table:py32f002b,https://www.puyasemi.com/en/py32f002b.html,exact compatible ordering-code rows,"[{""package"": ""TSSOP20"", ""part_number"": ""PY32F002BF15P6""}, {""package"": ""QFN20"", ""part_number"": ""PY32F002BF15U6""}, {""package"": ""SOP16"", ""part_number"": ""PY32F002BW15S6""}, {""package"": ""SOP14"", ""part_number"": ""PY32F002BD15S6""}, {""package"": ""QFN20"", ""part_number"": ""PY32F002BF15U7""}, {""package"": ""TSSOP20"", ""part_number"": ""PY32F002BF15P7""}, {""package"": ""SOP20"", ""part_number"": ""PY32F002BF15S7""}, {""package"": ""QFN16"", ""part_number"": ""PY32F002BW15U7""}, {""package"": ""SOP16"", ""part_number"": ""PY32F002BW15S7""}, {""package"": ""SOP14"", ""part_number"": ""PY32F002BD15S7""}, {""package"": ""SOP8"", ""part_number"": ""PY32F002BL15S7""}]",2026-09-07T08:57:27+00:00,official_product_table_compatible_rows
device,puya::py32f031x4,documents_json,puya:official-product-table:py32f031,https://www.puyasemi.com/en/py32f031.html,all exact product-table rows,"{""datasheet_url"": ""https://www.puyasemi.com/download_path/%E6%95%B0%E6%8D%AE%E6%89%8B%E5%86%8C/MCU/PY32F031_Datasheet_V1.0.pdf""}",2026-09-07T08:57:27+00:00,official_product_table_shared_datasheet
device,puya::py32f031x6,documents_json,puya:official-product-table:py32f031,https://www.puyasemi.com/en/py32f031.html,all exact product-table rows,"{""datasheet_url"": ""https://www.puyasemi.com/download_path/%E6%95%B0%E6%8D%AE%E6%89%8B%E5%86%8C/MCU/PY32F031_Datasheet_V1.0.pdf""}",2026-09-07T08:57:27+00:00,official_product_table_shared_datasheet
device,puya::py32f031x7,documents_json,puya:official-product-table:py32f031,https://www.puyasemi.com/en/py32f031.html,all exact product-table rows,"{""datasheet_url"": ""https://www.puyasemi.com/download_path/%E6%95%B0%E6%8D%AE%E6%89%8B%E5%86%8C/MCU/PY32F031_Datasheet_V1.0.pdf""}",2026-09-07T08:57:27+00:00,official_product_table_shared_datasheet
device,puya::py32f031x8,documents_json,puya:official-product-table:py32f031,https://www.puyasemi.com/en/py32f031.html,all exact product-table rows,"{""datasheet_url"": ""https://www.puyasemi.com/download_path/%E6%95%B0%E6%8D%AE%E6%89%8B%E5%86%8C/MCU/PY32F031_Datasheet_V1.0.pdf""}",2026-09-07T08:57:27+00:00,official_product_table_shared_datasheet
device,puya::py32f031x8,max_clock_hz,puya:official-product-table:py32f031,https://www.puyasemi.com/en/py32f031.html,unanimous exact product-line / core / Flash / SRAM ordering-code rows,"[{""max_clock_mhz"": ""72"", ""part_number"": ""PY32F031C18T6""}, {""max_clock_mhz"": ""72"", ""part_number"": ""PY32F031C18U6""}, {""max_clock_mhz"": ""72"", ""part_number"": ""PY32F031C28U6""}, {""max_clock_mhz"": ""72"", ""part_number"": ""PY32F031H18U6""}, {""max_clock_mhz"": ""72"", ""part_number"": ""PY32F031K18T6""}, {""max_clock_mhz"": ""72"", ""part_number"": ""PY32F031F18P6""}, {""max_clock_mhz"": ""72"", ""part_number"": ""PY32F031K18U6""}, {""max_clock_mhz"": ""72"", ""part_number"": ""PY32F031L18D6""}, {""max_clock_mhz"": ""72"", ""part_number"": ""PY32F031C18T7""}, {""max_clock_mhz"": ""72"", ""part_number"": ""PY32F031K28U7""}]",2026-09-07T08:57:27+00:00,official_product_table_unanimous_variant_value
device,puya::py32f031x8,documents_json,puya:official-product-table:py32f031,https://www.puyasemi.com/en/py32f031.html,exact compatible ordering-code rows,"{""datasheet_url"": ""https://www.puyasemi.com/download_path/%E6%95%B0%E6%8D%AE%E6%89%8B%E5%86%8C/MCU/PY32F031_Datasheet_V1.0.pdf"", ""part_numbers"": [""PY32F031C18T6"", ""PY32F031C18U6"", ""PY32F031C28U6"", ""PY32F031H18U6"", ""PY32F031K18T6"", ""PY32F031F18P6"", ""PY32F031K18U6"", ""PY32F031L18D6"", ""PY32F031C18T7"", ""PY32F031K28U7""]}",2026-09-07T08:57:27+00:00,official_product_table_compatible_datasheet
device,puya::py32f031x8,package_types,puya:official-product-table:py32f031,https://www.puyasemi.com/en/py32f031.html,exact compatible ordering-code rows,"[{""package"": ""LQFP48"", ""part_number"": ""PY32F031C18T6""}, {""package"": ""QFN48"", ""part_number"": ""PY32F031C18U6""}, {""package"": ""QFN48"", ""part_number"": ""PY32F031C28U6""}, {""package"": ""QFN40"", ""part_number"": ""PY32F031H18U6""}, {""package"": ""LQFP32"", ""part_number"": ""PY32F031K18T6""}, {""package"": ""TSSOP20"", ""part_number"": ""PY32F031F18P6""}, {""package"": ""QFN32(5*5)"", ""part_number"": ""PY32F031K18U6""}, {""package"": ""DFN8"", ""part_number"": ""PY32F031L18D6""}, {""package"": ""LQFP48"", ""part_number"": ""PY32F031C18T7""}, {""package"": ""QFN32(4*4)"", ""part_number"": ""PY32F031K28U7""}]",2026-09-07T08:57:27+00:00,official_product_table_compatible_rows
device,puya::py32f031x8,pin_counts,puya:official-product-table:py32f031,https://www.puyasemi.com/en/py32f031.html,exact compatible ordering-code rows,"[{""package"": ""LQFP48"", ""part_number"": ""PY32F031C18T6""}, {""package"": ""QFN48"", ""part_number"": ""PY32F031C18U6""}, {""package"": ""QFN48"", ""part_number"": ""PY32F031C28U6""}, {""package"": ""QFN40"", ""part_number"": ""PY32F031H18U6""}, {""package"": ""LQFP32"", ""part_number"": ""PY32F031K18T6""}, {""package"": ""TSSOP20"", ""part_number"": ""PY32F031F18P6""}, {""package"": ""QFN32(5*5)"", ""part_number"": ""PY32F031K18U6""}, {""package"": ""DFN8"", ""part_number"": ""PY32F031L18D6""}, {""package"": ""LQFP48"", ""part_number"": ""PY32F031C18T7""}, {""package"": ""QFN32(4*4)"", ""part_number"": ""PY32F031K28U7""}]",2026-09-07T08:57:27+00:00,official_product_table_compatible_rows
device,puya::py32f032x8,documents_json,puya:official-product-table:py32f032,https://www.puyasemi.com/en/py32f032.html,all exact product-table rows,"{""datasheet_url"": ""https://www.puyasemi.com/download_path/%E6%95%B0%E6%8D%AE%E6%89%8B%E5%86%8C/MCU/PY32F032%E7%B3%BB%E5%88%97%E6%95%B0%E6%8D%AE%E6%89%8B%E5%86%8C_V0.9.pdf""}",2026-09-07T08:57:27+00:00,official_product_table_shared_datasheet
device,puya::py32f032x8,max_clock_hz,puya:official-product-table:py32f032,https://www.puyasemi.com/en/py32f032.html,unanimous exact product-line / core / Flash / SRAM ordering-code rows,"[{""max_clock_mhz"": ""72"", ""part_number"": ""PY32F032K28T7""}, {""max_clock_mhz"": ""72"", ""part_number"": ""PY32F032K18U7""}, {""max_clock_mhz"": ""72"", ""part_number"": ""PY32F032E18U7""}, {""max_clock_mhz"": ""72"", ""part_number"": ""PY32F032E28M7""}, {""max_clock_mhz"": ""72"", ""part_number"": ""PY32F032E38M7""}, {""max_clock_mhz"": ""72"", ""part_number"": ""PY32F032F18U7""}, {""max_clock_mhz"": ""72"", ""part_number"": ""PY32F032F28U7""}]",2026-09-07T08:57:27+00:00,official_product_table_unanimous_variant_value
device,puya::py32f032x8,documents_json,puya:official-product-table:py32f032,https://www.puyasemi.com/en/py32f032.html,exact compatible ordering-code rows,"{""datasheet_url"": ""https://www.puyasemi.com/download_path/%E6%95%B0%E6%8D%AE%E6%89%8B%E5%86%8C/MCU/PY32F032%E7%B3%BB%E5%88%97%E6%95%B0%E6%8D%AE%E6%89%8B%E5%86%8C_V0.9.pdf"", ""part_numbers"": [""PY32F032K28T7"", ""PY32F032K18U7"", ""PY32F032E18U7"", ""PY32F032E28M7"", ""PY32F032E38M7"", ""PY32F032F18U7"", ""PY32F032F28U7""]}",2026-09-07T08:57:27+00:00,official_product_table_compatible_datasheet
device,puya::py32f032x8,package_types,puya:official-product-table:py32f032,https://www.puyasemi.com/en/py32f032.html,exact compatible ordering-code rows,"[{""package"": ""LQFP32"", ""part_number"": ""PY32F032K28T7""}, {""package"": ""QFN32(4*4)"", ""part_number"": ""PY32F032K18U7""}, {""package"": ""QFN24"", ""part_number"": ""PY32F032E18U7""}, {""package"": ""SSOP24"", ""part_number"": ""PY32F032E28M7""}, {""package"": ""SSOP24"", ""part_number"": ""PY32F032E38M7""}, {""package"": ""QFN20"", ""part_number"": ""PY32F032F18U7""}, {""package"": ""QFN20"", ""part_number"": ""PY32F032F28U7""}]",2026-09-07T08:57:27+00:00,official_product_table_compatible_rows
device,puya::py32f032x8,pin_counts,puya:official-product-table:py32f032,https://www.puyasemi.com/en/py32f032.html,exact compatible ordering-code rows,"[{""package"": ""LQFP32"", ""part_number"": ""PY32F032K28T7""}, {""package"": ""QFN32(4*4)"", ""part_number"": ""PY32F032K18U7""}, {""package"": ""QFN24"", ""part_number"": ""PY32F032E18U7""}, {""package"": ""SSOP24"", ""part_number"": ""PY32F032E28M7""}, {""package"": ""SSOP24"", ""part_number"": ""PY32F032E38M7""}, {""package"": ""QFN20"", ""part_number"": ""PY32F032F18U7""}, {""package"": ""QFN20"", ""part_number"": ""PY32F032F28U7""}]",2026-09-07T08:57:27+00:00,official_product_table_compatible_rows
device,puya::py32f040x6,max_clock_hz,puya:official-product-table:py32f040,https://www.puyasemi.com/en/py32f040.html,unanimous exact product-line / core / Flash / SRAM ordering-code rows,"[{""max_clock_mhz"": ""72"", ""part_number"": ""PY32F040C16T7-E""}]",2026-09-07T08:57:27+00:00,official_product_table_unanimous_variant_value
device,puya::py32f040x6,documents_json,puya:official-product-table:py32f040,https://www.puyasemi.com/en/py32f040.html,exact compatible ordering-code rows,"{""datasheet_url"": ""https://www.puyasemi.com/download_path/%E6%95%B0%E6%8D%AE%E6%89%8B%E5%86%8C/MCU/PY32F040-E_Datasheet_V1.2.pdf"", ""part_numbers"": [""PY32F040C16T7-E""]}",2026-09-07T08:57:27+00:00,official_product_table_compatible_datasheet
device,puya::py32f040x6,package_types,puya:official-product-table:py32f040,https://www.puyasemi.com/en/py32f040.html,exact compatible ordering-code rows,"[{""package"": ""LQFP48"", ""part_number"": ""PY32F040C16T7-E""}]",2026-09-07T08:57:27+00:00,official_product_table_compatible_rows
device,puya::py32f040x6,pin_counts,puya:official-product-table:py32f040,https://www.puyasemi.com/en/py32f040.html,exact compatible ordering-code rows,"[{""package"": ""LQFP48"", ""part_number"": ""PY32F040C16T7-E""}]",2026-09-07T08:57:27+00:00,official_product_table_compatible_rows
device,puya::py32f040x8,max_clock_hz,puya:official-product-table:py32f040,https://www.puyasemi.com/en/py32f040.html,unanimous exact product-line / core / Flash / SRAM ordering-code rows,"[{""max_clock_mhz"": ""72"", ""part_number"": ""PY32F040C18T7-E""}]",2026-09-07T08:57:27+00:00,official_product_table_unanimous_variant_value
device,puya::py32f040x8,documents_json,puya:official-product-table:py32f040,https://www.puyasemi.com/en/py32f040.html,exact compatible ordering-code rows,"{""datasheet_url"": ""https://www.puyasemi.com/download_path/%E6%95%B0%E6%8D%AE%E6%89%8B%E5%86%8C/MCU/PY32F040-E_Datasheet_V1.2.pdf"", ""part_numbers"": [""PY32F040C18T7-E""]}",2026-09-07T08:57:27+00:00,official_product_table_compatible_datasheet
device,puya::py32f040x8,package_types,puya:official-product-table:py32f040,https://www.puyasemi.com/en/py32f040.html,exact compatible ordering-code rows,"[{""package"": ""LQFP48"", ""part_number"": ""PY32F040C18T7-E""}]",2026-09-07T08:57:27+00:00,official_product_table_compatible_rows
device,puya::py32f040x8,pin_counts,puya:official-product-table:py32f040,https://www.puyasemi.com/en/py32f040.html,exact compatible ordering-code rows,"[{""package"": ""LQFP48"", ""part_number"": ""PY32F040C18T7-E""}]",2026-09-07T08:57:27+00:00,official_product_table_compatible_rows
device,puya::py32f040cx6,documents_json,puya:official-product-table:py32f040c,https://www.puyasemi.com/en/py32f040.html,all exact product-table rows,"{""datasheet_url"": ""https://www.puyasemi.com/download_path/%E6%95%B0%E6%8D%AE%E6%89%8B%E5%86%8C/MCU/PY32F040-E_Datasheet_V1.2.pdf""}",2026-09-07T08:57:27+00:00,official_product_table_shared_datasheet
device,puya::py32f040cx6,max_clock_hz,puya:official-product-table:py32f040c,https://www.puyasemi.com/en/py32f040.html,unanimous exact product-line / core / Flash / SRAM ordering-code rows,"[{""max_clock_mhz"": ""72"", ""part_number"": ""PY32F040C16T7-E""}]",2026-09-07T08:57:27+00:00,official_product_table_unanimous_variant_value
device,puya::py32f040cx6,documents_json,puya:official-product-table:py32f040c,https://www.puyasemi.com/en/py32f040.html,exact compatible ordering-code rows,"{""datasheet_url"": ""https://www.puyasemi.com/download_path/%E6%95%B0%E6%8D%AE%E6%89%8B%E5%86%8C/MCU/PY32F040-E_Datasheet_V1.2.pdf"", ""part_numbers"": [""PY32F040C16T7-E""]}",2026-09-07T08:57:27+00:00,official_product_table_compatible_datasheet
device,puya::py32f040cx6,package_types,puya:official-product-table:py32f040c,https://www.puyasemi.com/en/py32f040.html,exact compatible ordering-code rows,"[{""package"": ""LQFP48"", ""part_number"": ""PY32F040C16T7-E""}]",2026-09-07T08:57:27+00:00,official_product_table_compatible_rows
device,puya::py32f040cx6,pin_counts,puya:official-product-table:py32f040c,https://www.puyasemi.com/en/py32f040.html,exact compatible ordering-code rows,"[{""package"": ""LQFP48"", ""part_number"": ""PY32F040C16T7-E""}]",2026-09-07T08:57:27+00:00,official_product_table_compatible_rows
device,puya::py32f040cx8,documents_json,puya:official-product-table:py32f040c,https://www.puyasemi.com/en/py32f040.html,all exact product-table rows,"{""datasheet_url"": ""https://www.puyasemi.com/download_path/%E6%95%B0%E6%8D%AE%E6%89%8B%E5%86%8C/MCU/PY32F040-E_Datasheet_V1.2.pdf""}",2026-09-07T08:57:27+00:00,official_product_table_shared_datasheet
device,puya::py32f040cx8,max_clock_hz,puya:official-product-table:py32f040c,https://www.puyasemi.com/en/py32f040.html,unanimous exact product-line / core / Flash / SRAM ordering-code rows,"[{""max_clock_mhz"": ""72"", ""part_number"": ""PY32F040C18T7-E""}]",2026-09-07T08:57:27+00:00,official_product_table_unanimous_variant_value
device,puya::py32f040cx8,documents_json,puya:official-product-table:py32f040c,https://www.puyasemi.com/en/py32f040.html,exact compatible ordering-code rows,"{""datasheet_url"": ""https://www.puyasemi.com/download_path/%E6%95%B0%E6%8D%AE%E6%89%8B%E5%86%8C/MCU/PY32F040-E_Datasheet_V1.2.pdf"", ""part_numbers"": [""PY32F040C18T7-E""]}",2026-09-07T08:57:27+00:00,official_product_table_compatible_datasheet
device,puya::py32f040cx8,package_types,puya:official-product-table:py32f040c,https://www.puyasemi.com/en/py32f040.html,exact compatible ordering-code rows,"[{""package"": ""LQFP48"", ""part_number"": ""PY32F040C18T7-E""}]",2026-09-07T08:57:27+00:00,official_product_table_compatible_rows
device,puya::py32f040cx8,pin_counts,puya:official-product-table:py32f040c,https://www.puyasemi.com/en/py32f040.html,exact compatible ordering-code rows,"[{""package"": ""LQFP48"", ""part_number"": ""PY32F040C18T7-E""}]",2026-09-07T08:57:27+00:00,official_product_table_compatible_rows
device,puya::py32f040cx9,documents_json,puya:official-product-table:py32f040c,https://www.puyasemi.com/en/py32f040.html,all exact product-table rows,"{""datasheet_url"": ""https://www.puyasemi.com/download_path/%E6%95%B0%E6%8D%AE%E6%89%8B%E5%86%8C/MCU/PY32F040-E_Datasheet_V1.2.pdf""}",2026-09-07T08:57:27+00:00,official_product_table_shared_datasheet
device,puya::py32f040cxb,documents_json,puya:official-product-table:py32f040c,https://www.puyasemi.com/en/py32f040.html,all exact product-table rows,"{""datasheet_url"": ""https://www.puyasemi.com/download_path/%E6%95%B0%E6%8D%AE%E6%89%8B%E5%86%8C/MCU/PY32F040-E_Datasheet_V1.2.pdf""}",2026-09-07T08:57:27+00:00,official_product_table_shared_datasheet
device,puya::py32f040cxb,max_clock_hz,puya:official-product-table:py32f040c,https://www.puyasemi.com/en/py32f040.html,unanimous exact product-line / core / Flash / SRAM ordering-code rows,"[{""max_clock_mhz"": ""72"", ""part_number"": ""PY32F040C1BT7-E""}, {""max_clock_mhz"": ""72"", ""part_number"": ""PY32F040C1BU7-E""}]",2026-09-07T08:57:27+00:00,official_product_table_unanimous_variant_value
device,puya::py32f040cxb,documents_json,puya:official-product-table:py32f040c,https://www.puyasemi.com/en/py32f040.html,exact compatible ordering-code rows,"{""datasheet_url"": ""https://www.puyasemi.com/download_path/%E6%95%B0%E6%8D%AE%E6%89%8B%E5%86%8C/MCU/PY32F040-E_Datasheet_V1.2.pdf"", ""part_numbers"": [""PY32F040C1BT7-E"", ""PY32F040C1BU7-E""]}",2026-09-07T08:57:27+00:00,official_product_table_compatible_datasheet
device,puya::py32f040cxb,package_types,puya:official-product-table:py32f040c,https://www.puyasemi.com/en/py32f040.html,exact compatible ordering-code rows,"[{""package"": ""LQFP48"", ""part_number"": ""PY32F040C1BT7-E""}, {""package"": ""QFN48"", ""part_number"": ""PY32F040C1BU7-E""}]",2026-09-07T08:57:27+00:00,official_product_table_compatible_rows
device,puya::py32f040cxb,pin_counts,puya:official-product-table:py32f040c,https://www.puyasemi.com/en/py32f040.html,exact compatible ordering-code rows,"[{""package"": ""LQFP48"", ""part_number"": ""PY32F040C1BT7-E""}, {""package"": ""QFN48"", ""part_number"": ""PY32F040C1BU7-E""}]",2026-09-07T08:57:27+00:00,official_product_table_compatible_rows
device,puya::py32f071x6,documents_json,puya:official-product-table:py32f071,https://www.puyasemi.com/en/py32f071.html,all exact product-table rows,"{""datasheet_url"": ""https://www.puyasemi.com/download_path/%E6%95%B0%E6%8D%AE%E6%89%8B%E5%86%8C/MCU/PY32F071-E_Datasheet_V1.4.pdf""}",2026-09-07T08:57:27+00:00,official_product_table_shared_datasheet
device,puya::py32f071x8,documents_json,puya:official-product-table:py32f071,https://www.puyasemi.com/en/py32f071.html,all exact product-table rows,"{""datasheet_url"": ""https://www.puyasemi.com/download_path/%E6%95%B0%E6%8D%AE%E6%89%8B%E5%86%8C/MCU/PY32F071-E_Datasheet_V1.4.pdf""}",2026-09-07T08:57:27+00:00,official_product_table_shared_datasheet
device,puya::py32f071x8,max_clock_hz,puya:official-product-table:py32f071,https://www.puyasemi.com/en/py32f071.html,unanimous exact product-line / core / Flash / SRAM ordering-code rows,"[{""max_clock_mhz"": ""72"", ""part_number"": ""PY32F071C18T7-E""}, {""max_clock_mhz"": ""72"", ""part_number"": ""PY32F071K38U7-E""}, {""max_clock_mhz"": ""72"", ""part_number"": ""PY32F071E18U7-E""}]",2026-09-07T08:57:27+00:00,official_product_table_unanimous_variant_value
device,puya::py32f071x8,documents_json,puya:official-product-table:py32f071,https://www.puyasemi.com/en/py32f071.html,exact compatible ordering-code rows,"{""datasheet_url"": ""https://www.puyasemi.com/download_path/%E6%95%B0%E6%8D%AE%E6%89%8B%E5%86%8C/MCU/PY32F071-E_Datasheet_V1.4.pdf"", ""part_numbers"": [""PY32F071C18T7-E"", ""PY32F071K38U7-E"", ""PY32F071E18U7-E""]}",2026-09-07T08:57:27+00:00,official_product_table_compatible_datasheet
device,puya::py32f071x8,package_types,puya:official-product-table:py32f071,https://www.puyasemi.com/en/py32f071.html,exact compatible ordering-code rows,"[{""package"": ""LQFP48"", ""part_number"": ""PY32F071C18T7-E""}, {""package"": ""QFN32(4*4)"", ""part_number"": ""PY32F071K38U7-E""}, {""package"": ""QFN24"", ""part_number"": ""PY32F071E18U7-E""}]",2026-09-07T08:57:27+00:00,official_product_table_compatible_rows
device,puya::py32f071x8,pin_counts,puya:official-product-table:py32f071,https://www.puyasemi.com/en/py32f071.html,exact compatible ordering-code rows,"[{""package"": ""LQFP48"", ""part_number"": ""PY32F071C18T7-E""}, {""package"": ""QFN32(4*4)"", ""part_number"": ""PY32F071K38U7-E""}, {""package"": ""QFN24"", ""part_number"": ""PY32F071E18U7-E""}]",2026-09-07T08:57:27+00:00,official_product_table_compatible_rows
device,puya::py32f071x9,documents_json,puya:official-product-table:py32f071,https://www.puyasemi.com/en/py32f071.html,all exact product-table rows,"{""datasheet_url"": ""https://www.puyasemi.com/download_path/%E6%95%B0%E6%8D%AE%E6%89%8B%E5%86%8C/MCU/PY32F071-E_Datasheet_V1.4.pdf""}",2026-09-07T08:57:27+00:00,official_product_table_shared_datasheet
device,puya::py32f071xb,documents_json,puya:official-product-table:py32f071,https://www.puyasemi.com/en/py32f071.html,all exact product-table rows,"{""datasheet_url"": ""https://www.puyasemi.com/download_path/%E6%95%B0%E6%8D%AE%E6%89%8B%E5%86%8C/MCU/PY32F071-E_Datasheet_V1.4.pdf""}",2026-09-07T08:57:27+00:00,official_product_table_shared_datasheet
device,puya::py32f071xb,max_clock_hz,puya:official-product-table:py32f071,https://www.puyasemi.com/en/py32f071.html,unanimous exact product-line / core / Flash / SRAM ordering-code rows,"[{""max_clock_mhz"": ""72"", ""part_number"": ""PY32F071R1BT7-E""}, {""max_clock_mhz"": ""72"", ""part_number"": ""PY32F071R1BU7-E""}, {""max_clock_mhz"": ""72"", ""part_number"": ""PY32F071C1BT7-E""}, {""max_clock_mhz"": ""72"", ""part_number"": ""PY32F071C1BU6-E""}, {""max_clock_mhz"": ""72"", ""part_number"": ""PY32F071C1BU7-E""}, {""max_clock_mhz"": ""72"", ""part_number"": ""PY32F071K3BU7-E""}]",2026-09-07T08:57:27+00:00,official_product_table_unanimous_variant_value
device,puya::py32f071xb,documents_json,puya:official-product-table:py32f071,https://www.puyasemi.com/en/py32f071.html,exact compatible ordering-code rows,"{""datasheet_url"": ""https://www.puyasemi.com/download_path/%E6%95%B0%E6%8D%AE%E6%89%8B%E5%86%8C/MCU/PY32F071-E_Datasheet_V1.4.pdf"", ""part_numbers"": [""PY32F071R1BT7-E"", ""PY32F071R1BU7-E"", ""PY32F071C1BT7-E"", ""PY32F071C1BU6-E"", ""PY32F071C1BU7-E"", ""PY32F071K3BU7-E""]}",2026-09-07T08:57:27+00:00,official_product_table_compatible_datasheet
device,puya::py32f071xb,package_types,puya:official-product-table:py32f071,https://www.puyasemi.com/en/py32f071.html,exact compatible ordering-code rows,"[{""package"": ""LQFP64"", ""part_number"": ""PY32F071R1BT7-E""}, {""package"": ""QFN64"", ""part_number"": ""PY32F071R1BU7-E""}, {""package"": ""LQFP48"", ""part_number"": ""PY32F071C1BT7-E""}, {""package"": ""QFN48"", ""part_number"": ""PY32F071C1BU6-E""}, {""package"": ""QFN48"", ""part_number"": ""PY32F071C1BU7-E""}, {""package"": ""QFN32(4*4)"", ""part_number"": ""PY32F071K3BU7-E""}]",2026-09-07T08:57:27+00:00,official_product_table_compatible_rows
device,puya::py32f071xb,pin_counts,puya:official-product-table:py32f071,https://www.puyasemi.com/en/py32f071.html,exact compatible ordering-code rows,"[{""package"": ""LQFP64"", ""part_number"": ""PY32F071R1BT7-E""}, {""package"": ""QFN64"", ""part_number"": ""PY32F071R1BU7-E""}, {""package"": ""LQFP48"", ""part_number"": ""PY32F071C1BT7-E""}, {""package"": ""QFN48"", ""part_number"": ""PY32F071C1BU6-E""}, {""package"": ""QFN48"", ""part_number"": ""PY32F071C1BU7-E""}, {""package"": ""QFN32(4*4)"", ""part_number"": ""PY32F071K3BU7-E""}]",2026-09-07T08:57:27+00:00,official_product_table_compatible_rows
device,puya::py32f071cx6,documents_json,puya:official-product-table:py32f071c,https://www.puyasemi.com/en/py32f071.html,all exact product-table rows,"{""datasheet_url"": ""https://www.puyasemi.com/download_path/%E6%95%B0%E6%8D%AE%E6%89%8B%E5%86%8C/MCU/PY32F071-E_Datasheet_V1.4.pdf""}",2026-09-07T08:57:27+00:00,official_product_table_shared_datasheet
device,puya::py32f071cx8,documents_json,puya:official-product-table:py32f071c,https://www.puyasemi.com/en/py32f071.html,all exact product-table rows,"{""datasheet_url"": ""https://www.puyasemi.com/download_path/%E6%95%B0%E6%8D%AE%E6%89%8B%E5%86%8C/MCU/PY32F071-E_Datasheet_V1.4.pdf""}",2026-09-07T08:57:27+00:00,official_product_table_shared_datasheet
device,puya::py32f071cx8,max_clock_hz,puya:official-product-table:py32f071c,https://www.puyasemi.com/en/py32f071.html,unanimous exact product-line / core / Flash / SRAM ordering-code rows,"[{""max_clock_mhz"": ""72"", ""part_number"": ""PY32F071C18T7-E""}]",2026-09-07T08:57:27+00:00,official_product_table_unanimous_variant_value
device,puya::py32f071cx8,documents_json,puya:official-product-table:py32f071c,https://www.puyasemi.com/en/py32f071.html,exact compatible ordering-code rows,"{""datasheet_url"": ""https://www.puyasemi.com/download_path/%E6%95%B0%E6%8D%AE%E6%89%8B%E5%86%8C/MCU/PY32F071-E_Datasheet_V1.4.pdf"", ""part_numbers"": [""PY32F071C18T7-E""]}",2026-09-07T08:57:27+00:00,official_product_table_compatible_datasheet
device,puya::py32f071cx8,package_types,puya:official-product-table:py32f071c,https://www.puyasemi.com/en/py32f071.html,exact compatible ordering-code rows,"[{""package"": ""LQFP48"", ""part_number"": ""PY32F071C18T7-E""}]",2026-09-07T08:57:27+00:00,official_product_table_compatible_rows
device,puya::py32f071cx8,pin_counts,puya:official-product-table:py32f071c,https://www.puyasemi.com/en/py32f071.html,exact compatible ordering-code rows,"[{""package"": ""LQFP48"", ""part_number"": ""PY32F071C18T7-E""}]",2026-09-07T08:57:27+00:00,official_product_table_compatible_rows
device,puya::py32f071cx9,documents_json,puya:official-product-table:py32f071c,https://www.puyasemi.com/en/py32f071.html,all exact product-table rows,"{""datasheet_url"": ""https://www.puyasemi.com/download_path/%E6%95%B0%E6%8D%AE%E6%89%8B%E5%86%8C/MCU/PY32F071-E_Datasheet_V1.4.pdf""}",2026-09-07T08:57:27+00:00,official_product_table_shared_datasheet
device,puya::py32f071cxb,documents_json,puya:official-product-table:py32f071c,https://www.puyasemi.com/en/py32f071.html,all exact product-table rows,"{""datasheet_url"": ""https://www.puyasemi.com/download_path/%E6%95%B0%E6%8D%AE%E6%89%8B%E5%86%8C/MCU/PY32F071-E_Datasheet_V1.4.pdf""}",2026-09-07T08:57:27+00:00,official_product_table_shared_datasheet
device,puya::py32f071cxb,max_clock_hz,puya:official-product-table:py32f071c,https://www.puyasemi.com/en/py32f071.html,unanimous exact product-line / core / Flash / SRAM ordering-code rows,"[{""max_clock_mhz"": ""72"", ""part_number"": ""PY32F071C1BT7-E""}, {""max_clock_mhz"": ""72"", ""part_number"": ""PY32F071C1BU6-E""}, {""max_clock_mhz"": ""72"", ""part_number"": ""PY32F071C1BU7-E""}]",2026-09-07T08:57:27+00:00,official_product_table_unanimous_variant_value
device,puya::py32f071cxb,documents_json,puya:official-product-table:py32f071c,https://www.puyasemi.com/en/py32f071.html,exact compatible ordering-code rows,"{""datasheet_url"": ""https://www.puyasemi.com/download_path/%E6%95%B0%E6%8D%AE%E6%89%8B%E5%86%8C/MCU/PY32F071-E_Datasheet_V1.4.pdf"", ""part_numbers"": [""PY32F071C1BT7-E"", ""PY32F071C1BU6-E"", ""PY32F071C1BU7-E""]}",2026-09-07T08:57:27+00:00,official_product_table_compatible_datasheet
device,puya::py32f071cxb,package_types,puya:official-product-table:py32f071c,https://www.puyasemi.com/en/py32f071.html,exact compatible ordering-code rows,"[{""package"": ""LQFP48"", ""part_number"": ""PY32F071C1BT7-E""}, {""package"": ""QFN48"", ""part_number"": ""PY32F071C1BU6-E""}, {""package"": ""QFN48"", ""part_number"": ""PY32F071C1BU7-E""}]",2026-09-07T08:57:27+00:00,official_product_table_compatible_rows
device,puya::py32f071cxb,pin_counts,puya:official-product-table:py32f071c,https://www.puyasemi.com/en/py32f071.html,exact compatible ordering-code rows,"[{""package"": ""LQFP48"", ""part_number"": ""PY32F071C1BT7-E""}, {""package"": ""QFN48"", ""part_number"": ""PY32F071C1BU6-E""}, {""package"": ""QFN48"", ""part_number"": ""PY32F071C1BU7-E""}]",2026-09-07T08:57:27+00:00,official_product_table_compatible_rows
device,puya::py32f071ex6,documents_json,puya:official-product-table:py32f071e,https://www.puyasemi.com/en/py32f071.html,all exact product-table rows,"{""datasheet_url"": ""https://www.puyasemi.com/download_path/%E6%95%B0%E6%8D%AE%E6%89%8B%E5%86%8C/MCU/PY32F071-E_Datasheet_V1.4.pdf""}",2026-09-07T08:57:27+00:00,official_product_table_shared_datasheet
device,puya::py32f071ex8,documents_json,puya:official-product-table:py32f071e,https://www.puyasemi.com/en/py32f071.html,all exact product-table rows,"{""datasheet_url"": ""https://www.puyasemi.com/download_path/%E6%95%B0%E6%8D%AE%E6%89%8B%E5%86%8C/MCU/PY32F071-E_Datasheet_V1.4.pdf""}",2026-09-07T08:57:27+00:00,official_product_table_shared_datasheet
device,puya::py32f071ex8,max_clock_hz,puya:official-product-table:py32f071e,https://www.puyasemi.com/en/py32f071.html,unanimous exact product-line / core / Flash / SRAM ordering-code rows,"[{""max_clock_mhz"": ""72"", ""part_number"": ""PY32F071E18U7-E""}]",2026-09-07T08:57:27+00:00,official_product_table_unanimous_variant_value
device,puya::py32f071ex8,documents_json,puya:official-product-table:py32f071e,https://www.puyasemi.com/en/py32f071.html,exact compatible ordering-code rows,"{""datasheet_url"": ""https://www.puyasemi.com/download_path/%E6%95%B0%E6%8D%AE%E6%89%8B%E5%86%8C/MCU/PY32F071-E_Datasheet_V1.4.pdf"", ""part_numbers"": [""PY32F071E18U7-E""]}",2026-09-07T08:57:27+00:00,official_product_table_compatible_datasheet
device,puya::py32f071ex8,package_types,puya:official-product-table:py32f071e,https://www.puyasemi.com/en/py32f071.html,exact compatible ordering-code rows,"[{""package"": ""QFN24"", ""part_number"": ""PY32F071E18U7-E""}]",2026-09-07T08:57:27+00:00,official_product_table_compatible_rows
device,puya::py32f071ex8,pin_counts,puya:official-product-table:py32f071e,https://www.puyasemi.com/en/py32f071.html,exact compatible ordering-code rows,"[{""package"": ""QFN24"", ""part_number"": ""PY32F071E18U7-E""}]",2026-09-07T08:57:27+00:00,official_product_table_compatible_rows
device,puya::py32f071ex9,documents_json,puya:official-product-table:py32f071e,https://www.puyasemi.com/en/py32f071.html,all exact product-table rows,"{""datasheet_url"": ""https://www.puyasemi.com/download_path/%E6%95%B0%E6%8D%AE%E6%89%8B%E5%86%8C/MCU/PY32F071-E_Datasheet_V1.4.pdf""}",2026-09-07T08:57:27+00:00,official_product_table_shared_datasheet
device,puya::py32f071exb,documents_json,puya:official-product-table:py32f071e,https://www.puyasemi.com/en/py32f071.html,all exact product-table rows,"{""datasheet_url"": ""https://www.puyasemi.com/download_path/%E6%95%B0%E6%8D%AE%E6%89%8B%E5%86%8C/MCU/PY32F071-E_Datasheet_V1.4.pdf""}",2026-09-07T08:57:27+00:00,official_product_table_shared_datasheet
device,puya::py32f072x6,documents_json,puya:official-product-table:py32f072,https://www.puyasemi.com/en/py32f072.html,all exact product-table rows,"{""datasheet_url"": ""https://www.puyasemi.com/download_path/%E6%95%B0%E6%8D%AE%E6%89%8B%E5%86%8C/MCU/PY32F072-E_Datasheet_V1.2.pdf""}",2026-09-07T08:57:27+00:00,official_product_table_shared_datasheet
device,puya::py32f072x8,documents_json,puya:official-product-table:py32f072,https://www.puyasemi.com/en/py32f072.html,all exact product-table rows,"{""datasheet_url"": ""https://www.puyasemi.com/download_path/%E6%95%B0%E6%8D%AE%E6%89%8B%E5%86%8C/MCU/PY32F072-E_Datasheet_V1.2.pdf""}",2026-09-07T08:57:27+00:00,official_product_table_shared_datasheet
device,puya::py32f072x9,documents_json,puya:official-product-table:py32f072,https://www.puyasemi.com/en/py32f072.html,all exact product-table rows,"{""datasheet_url"": ""https://www.puyasemi.com/download_path/%E6%95%B0%E6%8D%AE%E6%89%8B%E5%86%8C/MCU/PY32F072-E_Datasheet_V1.2.pdf""}",2026-09-07T08:57:27+00:00,official_product_table_shared_datasheet
device,puya::py32f072xb,documents_json,puya:official-product-table:py32f072,https://www.puyasemi.com/en/py32f072.html,all exact product-table rows,"{""datasheet_url"": ""https://www.puyasemi.com/download_path/%E6%95%B0%E6%8D%AE%E6%89%8B%E5%86%8C/MCU/PY32F072-E_Datasheet_V1.2.pdf""}",2026-09-07T08:57:27+00:00,official_product_table_shared_datasheet
device,puya::py32f072xb,max_clock_hz,puya:official-product-table:py32f072,https://www.puyasemi.com/en/py32f072.html,unanimous exact product-line / core / Flash / SRAM ordering-code rows,"[{""max_clock_mhz"": ""72"", ""part_number"": ""PY32F072R1BT7-E""}, {""max_clock_mhz"": ""72"", ""part_number"": ""PY32F072C1BT7-E""}, {""max_clock_mhz"": ""72"", ""part_number"": ""PY32F072C1BU7-E""}, {""max_clock_mhz"": ""72"", ""part_number"": ""PY32F072K3BU7-E""}]",2026-09-07T08:57:27+00:00,official_product_table_unanimous_variant_value
device,puya::py32f072xb,documents_json,puya:official-product-table:py32f072,https://www.puyasemi.com/en/py32f072.html,exact compatible ordering-code rows,"{""datasheet_url"": ""https://www.puyasemi.com/download_path/%E6%95%B0%E6%8D%AE%E6%89%8B%E5%86%8C/MCU/PY32F072-E_Datasheet_V1.2.pdf"", ""part_numbers"": [""PY32F072R1BT7-E"", ""PY32F072C1BT7-E"", ""PY32F072C1BU7-E"", ""PY32F072K3BU7-E""]}",2026-09-07T08:57:27+00:00,official_product_table_compatible_datasheet
device,puya::py32f072xb,package_types,puya:official-product-table:py32f072,https://www.puyasemi.com/en/py32f072.html,exact compatible ordering-code rows,"[{""package"": ""LQFP64"", ""part_number"": ""PY32F072R1BT7-E""}, {""package"": ""LQFP48"", ""part_number"": ""PY32F072C1BT7-E""}, {""package"": ""QFN48"", ""part_number"": ""PY32F072C1BU7-E""}, {""package"": ""QFN32(4*4)"", ""part_number"": ""PY32F072K3BU7-E""}]",2026-09-07T08:57:27+00:00,official_product_table_compatible_rows
device,puya::py32f072xb,pin_counts,puya:official-product-table:py32f072,https://www.puyasemi.com/en/py32f072.html,exact compatible ordering-code rows,"[{""package"": ""LQFP64"", ""part_number"": ""PY32F072R1BT7-E""}, {""package"": ""LQFP48"", ""part_number"": ""PY32F072C1BT7-E""}, {""package"": ""QFN48"", ""part_number"": ""PY32F072C1BU7-E""}, {""package"": ""QFN32(4*4)"", ""part_number"": ""PY32F072K3BU7-E""}]",2026-09-07T08:57:27+00:00,official_product_table_compatible_rows
device,puya::py32f072cx6,documents_json,puya:official-product-table:py32f072c,https://www.puyasemi.com/en/py32f072.html,all exact product-table rows,"{""datasheet_url"": ""https://www.puyasemi.com/download_path/%E6%95%B0%E6%8D%AE%E6%89%8B%E5%86%8C/MCU/PY32F072-E_Datasheet_V1.2.pdf""}",2026-09-07T08:57:27+00:00,official_product_table_shared_datasheet
device,puya::py32f072cx8,documents_json,puya:official-product-table:py32f072c,https://www.puyasemi.com/en/py32f072.html,all exact product-table rows,"{""datasheet_url"": ""https://www.puyasemi.com/download_path/%E6%95%B0%E6%8D%AE%E6%89%8B%E5%86%8C/MCU/PY32F072-E_Datasheet_V1.2.pdf""}",2026-09-07T08:57:27+00:00,official_product_table_shared_datasheet
device,puya::py32f072cx9,documents_json,puya:official-product-table:py32f072c,https://www.puyasemi.com/en/py32f072.html,all exact product-table rows,"{""datasheet_url"": ""https://www.puyasemi.com/download_path/%E6%95%B0%E6%8D%AE%E6%89%8B%E5%86%8C/MCU/PY32F072-E_Datasheet_V1.2.pdf""}",2026-09-07T08:57:27+00:00,official_product_table_shared_datasheet
device,puya::py32f072cxb,documents_json,puya:official-product-table:py32f072c,https://www.puyasemi.com/en/py32f072.html,all exact product-table rows,"{""datasheet_url"": ""https://www.puyasemi.com/download_path/%E6%95%B0%E6%8D%AE%E6%89%8B%E5%86%8C/MCU/PY32F072-E_Datasheet_V1.2.pdf""}",2026-09-07T08:57:27+00:00,official_product_table_shared_datasheet
device,puya::py32f072cxb,max_clock_hz,puya:official-product-table:py32f072c,https://www.puyasemi.com/en/py32f072.html,unanimous exact product-line / core / Flash / SRAM ordering-code rows,"[{""max_clock_mhz"": ""72"", ""part_number"": ""PY32F072C1BT7-E""}, {""max_clock_mhz"": ""72"", ""part_number"": ""PY32F072C1BU7-E""}]",2026-09-07T08:57:27+00:00,official_product_table_unanimous_variant_value
device,puya::py32f072cxb,documents_json,puya:official-product-table:py32f072c,https://www.puyasemi.com/en/py32f072.html,exact compatible ordering-code rows,"{""datasheet_url"": ""https://www.puyasemi.com/download_path/%E6%95%B0%E6%8D%AE%E6%89%8B%E5%86%8C/MCU/PY32F072-E_Datasheet_V1.2.pdf"", ""part_numbers"": [""PY32F072C1BT7-E"", ""PY32F072C1BU7-E""]}",2026-09-07T08:57:27+00:00,official_product_table_compatible_datasheet
device,puya::py32f072cxb,package_types,puya:official-product-table:py32f072c,https://www.puyasemi.com/en/py32f072.html,exact compatible ordering-code rows,"[{""package"": ""LQFP48"", ""part_number"": ""PY32F072C1BT7-E""}, {""package"": ""QFN48"", ""part_number"": ""PY32F072C1BU7-E""}]",2026-09-07T08:57:27+00:00,official_product_table_compatible_rows
device,puya::py32f072cxb,pin_counts,puya:official-product-table:py32f072c,https://www.puyasemi.com/en/py32f072.html,exact compatible ordering-code rows,"[{""package"": ""LQFP48"", ""part_number"": ""PY32F072C1BT7-E""}, {""package"": ""QFN48"", ""part_number"": ""PY32F072C1BU7-E""}]",2026-09-07T08:57:27+00:00,official_product_table_compatible_rows
device,puya::py32f403xb,documents_json,puya:official-product-table:py32f403,https://www.puyasemi.com/en/py32f403.html,all exact product-table rows,"{""datasheet_url"": ""https://www.puyasemi.com/download_path/%E6%95%B0%E6%8D%AE%E6%89%8B%E5%86%8C/MCU/PY32F403-C_Datasheet_V0.5.pdf""}",2026-09-07T08:57:27+00:00,official_product_table_shared_datasheet
device,puya::py32f403xc,documents_json,puya:official-product-table:py32f403,https://www.puyasemi.com/en/py32f403.html,all exact product-table rows,"{""datasheet_url"": ""https://www.puyasemi.com/download_path/%E6%95%B0%E6%8D%AE%E6%89%8B%E5%86%8C/MCU/PY32F403-C_Datasheet_V0.5.pdf""}",2026-09-07T08:57:27+00:00,official_product_table_shared_datasheet
device,puya::py32f403xc,documents_json,puya:official-product-table:py32f403,https://www.puyasemi.com/en/py32f403.html,exact compatible ordering-code rows,"{""datasheet_url"": ""https://www.puyasemi.com/download_path/%E6%95%B0%E6%8D%AE%E6%89%8B%E5%86%8C/MCU/PY32F403-C_Datasheet_V0.5.pdf"", ""part_numbers"": [""PY32F403C1DT7-C"", ""PY32F403C1CT7-C"", ""PY32F403C1CU7-C"", ""PY32F403K1CU7-C""]}",2026-09-07T08:57:27+00:00,official_product_table_compatible_datasheet
device,puya::py32f403xc,package_types,puya:official-product-table:py32f403,https://www.puyasemi.com/en/py32f403.html,exact compatible ordering-code rows,"[{""package"": ""LQFP48"", ""part_number"": ""PY32F403C1DT7-C""}, {""package"": ""LQFP48"", ""part_number"": ""PY32F403C1CT7-C""}, {""package"": ""QFN48"", ""part_number"": ""PY32F403C1CU7-C""}, {""package"": ""QFN32(4*4)"", ""part_number"": ""PY32F403K1CU7-C""}]",2026-09-07T08:57:27+00:00,official_product_table_compatible_rows
device,puya::py32f403xc,pin_counts,puya:official-product-table:py32f403,https://www.puyasemi.com/en/py32f403.html,exact compatible ordering-code rows,"[{""package"": ""LQFP48"", ""part_number"": ""PY32F403C1DT7-C""}, {""package"": ""LQFP48"", ""part_number"": ""PY32F403C1CT7-C""}, {""package"": ""QFN48"", ""part_number"": ""PY32F403C1CU7-C""}, {""package"": ""QFN32(4*4)"", ""part_number"": ""PY32F403K1CU7-C""}]",2026-09-07T08:57:27+00:00,official_product_table_compatible_rows
device,puya::py32f403xd,documents_json,puya:official-product-table:py32f403,https://www.puyasemi.com/en/py32f403.html,all exact product-table rows,"{""datasheet_url"": ""https://www.puyasemi.com/download_path/%E6%95%B0%E6%8D%AE%E6%89%8B%E5%86%8C/MCU/PY32F403-C_Datasheet_V0.5.pdf""}",2026-09-07T08:57:27+00:00,official_product_table_shared_datasheet
device,puya::py32f403xd,documents_json,puya:official-product-table:py32f403,https://www.puyasemi.com/en/py32f403.html,exact compatible ordering-code rows,"{""datasheet_url"": ""https://www.puyasemi.com/download_path/%E6%95%B0%E6%8D%AE%E6%89%8B%E5%86%8C/MCU/PY32F403-C_Datasheet_V0.5.pdf"", ""part_numbers"": [""PY32F403V1DT7-C"", ""PY32F403R1DT7-C"", ""PY32F403R1DU7-C""]}",2026-09-07T08:57:27+00:00,official_product_table_compatible_datasheet
device,puya::py32f403xd,package_types,puya:official-product-table:py32f403,https://www.puyasemi.com/en/py32f403.html,exact compatible ordering-code rows,"[{""package"": ""LQFP100"", ""part_number"": ""PY32F403V1DT7-C""}, {""package"": ""LQFP64"", ""part_number"": ""PY32F403R1DT7-C""}, {""package"": ""QFN64"", ""part_number"": ""PY32F403R1DU7-C""}]",2026-09-07T08:57:27+00:00,official_product_table_compatible_rows
device,puya::py32f403xd,pin_counts,puya:official-product-table:py32f403,https://www.puyasemi.com/en/py32f403.html,exact compatible ordering-code rows,"[{""package"": ""LQFP100"", ""part_number"": ""PY32F403V1DT7-C""}, {""package"": ""LQFP64"", ""part_number"": ""PY32F403R1DT7-C""}, {""package"": ""QFN64"", ""part_number"": ""PY32F403R1DU7-C""}]",2026-09-07T08:57:27+00:00,official_product_table_compatible_rows
device,puya::py32l020x5,documents_json,puya:official-product-table:py32l020,https://www.puyasemi.com/en/py32l020.html,all exact product-table rows,"{""datasheet_url"": ""https://www.puyasemi.com/download_path/%E6%95%B0%E6%8D%AE%E6%89%8B%E5%86%8C/MCU/PY32L020_Datasheet_V2.0.pdf""}",2026-09-07T08:57:27+00:00,official_product_table_shared_datasheet
device,puya::py32l020x5,documents_json,puya:official-product-table:py32l020,https://www.puyasemi.com/en/py32l020.html,exact compatible ordering-code rows,"{""datasheet_url"": ""https://www.puyasemi.com/download_path/%E6%95%B0%E6%8D%AE%E6%89%8B%E5%86%8C/MCU/PY32L020_Datasheet_V2.0.pdf"", ""part_numbers"": [""PY32L020F15U6"", ""PY32L020L15D6"", ""PY32L020F15P7"", ""PY32L020W15S7"", ""PY32L020L15S7""]}",2026-09-07T08:57:27+00:00,official_product_table_compatible_datasheet
device,puya::py32l020x5,package_types,puya:official-product-table:py32l020,https://www.puyasemi.com/en/py32l020.html,exact compatible ordering-code rows,"[{""package"": ""QFN20"", ""part_number"": ""PY32L020F15U6""}, {""package"": ""DFN8(1.5*1.5)"", ""part_number"": ""PY32L020L15D6""}, {""package"": ""TSSOP20"", ""part_number"": ""PY32L020F15P7""}, {""package"": ""SOP16"", ""part_number"": ""PY32L020W15S7""}, {""package"": ""SOP8"", ""part_number"": ""PY32L020L15S7""}]",2026-09-07T08:57:27+00:00,official_product_table_compatible_rows
device,puya::py32l020x5,pin_counts,puya:official-product-table:py32l020,https://www.puyasemi.com/en/py32l020.html,exact compatible ordering-code rows,"[{""package"": ""QFN20"", ""part_number"": ""PY32L020F15U6""}, {""package"": ""DFN8(1.5*1.5)"", ""part_number"": ""PY32L020L15D6""}, {""package"": ""TSSOP20"", ""part_number"": ""PY32L020F15P7""}, {""package"": ""SOP16"", ""part_number"": ""PY32L020W15S7""}, {""package"": ""SOP8"", ""part_number"": ""PY32L020L15S7""}]",2026-09-07T08:57:27+00:00,official_product_table_compatible_rows
device,puya::py32l090xb,documents_json,puya:official-product-table:py32l090,https://www.puyasemi.com/en/py32l090611.html,all exact product-table rows,"{""datasheet_url"": ""https://www.puyasemi.com/download_path/%E6%95%B0%E6%8D%AE%E6%89%8B%E5%86%8C/MCU/PY32L090_Datasheet_V1.4.pdf""}",2026-09-07T08:57:27+00:00,official_product_table_shared_datasheet
device,puya::py32l090xb,max_clock_hz,puya:official-product-table:py32l090,https://www.puyasemi.com/en/py32l090611.html,unanimous exact product-line / core / Flash / SRAM ordering-code rows,"[{""max_clock_mhz"": ""72"", ""part_number"": ""PY32L090C2BT7""}]",2026-09-07T08:57:27+00:00,official_product_table_unanimous_variant_value
device,puya::py32l090xb,documents_json,puya:official-product-table:py32l090,https://www.puyasemi.com/en/py32l090611.html,exact compatible ordering-code rows,"{""datasheet_url"": ""https://www.puyasemi.com/download_path/%E6%95%B0%E6%8D%AE%E6%89%8B%E5%86%8C/MCU/PY32L090_Datasheet_V1.4.pdf"", ""part_numbers"": [""PY32L090C2BT7""]}",2026-09-07T08:57:27+00:00,official_product_table_compatible_datasheet
device,puya::py32l090xb,package_types,puya:official-product-table:py32l090,https://www.puyasemi.com/en/py32l090611.html,exact compatible ordering-code rows,"[{""package"": ""LQFP48"", ""part_number"": ""PY32L090C2BT7""}]",2026-09-07T08:57:27+00:00,official_product_table_compatible_rows
device,puya::py32l090xb,pin_counts,puya:official-product-table:py32l090,https://www.puyasemi.com/en/py32l090611.html,exact compatible ordering-code rows,"[{""package"": ""LQFP48"", ""part_number"": ""PY32L090C2BT7""}]",2026-09-07T08:57:27+00:00,official_product_table_compatible_rows
device,puya::py32l090xc,documents_json,puya:official-product-table:py32l090,https://www.puyasemi.com/en/py32l090611.html,all exact product-table rows,"{""datasheet_url"": ""https://www.puyasemi.com/download_path/%E6%95%B0%E6%8D%AE%E6%89%8B%E5%86%8C/MCU/PY32L090_Datasheet_V1.4.pdf""}",2026-09-07T08:57:27+00:00,official_product_table_shared_datasheet
device,puya::py32l090xc,max_clock_hz,puya:official-product-table:py32l090,https://www.puyasemi.com/en/py32l090611.html,unanimous exact product-line / core / Flash / SRAM ordering-code rows,"[{""max_clock_mhz"": ""72"", ""part_number"": ""PY32L090R2CT7""}]",2026-09-07T08:57:27+00:00,official_product_table_unanimous_variant_value
device,puya::py32l090xc,documents_json,puya:official-product-table:py32l090,https://www.puyasemi.com/en/py32l090611.html,exact compatible ordering-code rows,"{""datasheet_url"": ""https://www.puyasemi.com/download_path/%E6%95%B0%E6%8D%AE%E6%89%8B%E5%86%8C/MCU/PY32L090_Datasheet_V1.4.pdf"", ""part_numbers"": [""PY32L090R2CT7""]}",2026-09-07T08:57:27+00:00,official_product_table_compatible_datasheet
device,puya::py32l090xc,package_types,puya:official-product-table:py32l090,https://www.puyasemi.com/en/py32l090611.html,exact compatible ordering-code rows,"[{""package"": ""LQFP64"", ""part_number"": ""PY32L090R2CT7""}]",2026-09-07T08:57:27+00:00,official_product_table_compatible_rows
device,puya::py32l090xc,pin_counts,puya:official-product-table:py32l090,https://www.puyasemi.com/en/py32l090611.html,exact compatible ordering-code rows,"[{""package"": ""LQFP64"", ""part_number"": ""PY32L090R2CT7""}]",2026-09-07T08:57:27+00:00,official_product_table_compatible_rows
device,puya::py32t020x5,documents_json,puya:official-product-table:py32t020,https://www.puyasemi.com/en/py32t020.html,all exact product-table rows,"{""datasheet_url"": ""https://www.puyasemi.com/download_path/%E6%95%B0%E6%8D%AE%E6%89%8B%E5%86%8C/MCU/PY32T020-B_Datasheet_V2.1.pdf""}",2026-09-07T08:57:27+00:00,official_product_table_shared_datasheet
device,puya::py32t020x5,max_clock_hz,puya:official-product-table:py32t020,https://www.puyasemi.com/en/py32t020.html,unanimous exact product-line / core / Flash / SRAM ordering-code rows,"[{""max_clock_mhz"": ""24"", ""part_number"": ""PY32T020G15S7-B""}, {""max_clock_mhz"": ""24"", ""part_number"": ""PY32T020G25S7-B""}, {""max_clock_mhz"": ""24"", ""part_number"": ""PY32T020G35S7-B""}, {""max_clock_mhz"": ""24"", ""part_number"": ""PY32T020F15P7-B""}, {""max_clock_mhz"": ""24"", ""part_number"": ""PY32T020F25S7-B""}, {""max_clock_mhz"": ""24"", ""part_number"": ""PY32T020F45U7-B""}, {""max_clock_mhz"": ""24"", ""part_number"": ""PY32T020W25S7-B""}, {""max_clock_mhz"": ""24"", ""part_number"": ""PY32T020L15S7-B""}]",2026-09-07T08:57:27+00:00,official_product_table_unanimous_variant_value
device,puya::py32t020x5,documents_json,puya:official-product-table:py32t020,https://www.puyasemi.com/en/py32t020.html,exact compatible ordering-code rows,"{""datasheet_url"": ""https://www.puyasemi.com/download_path/%E6%95%B0%E6%8D%AE%E6%89%8B%E5%86%8C/MCU/PY32T020-B_Datasheet_V2.1.pdf"", ""part_numbers"": [""PY32T020G15S7-B"", ""PY32T020G25S7-B"", ""PY32T020G35S7-B"", ""PY32T020F15P7-B"", ""PY32T020F25S7-B"", ""PY32T020F45U7-B"", ""PY32T020W25S7-B"", ""PY32T020L15S7-B""]}",2026-09-07T08:57:27+00:00,official_product_table_compatible_datasheet
device,puya::py32t020x5,package_types,puya:official-product-table:py32t020,https://www.puyasemi.com/en/py32t020.html,exact compatible ordering-code rows,"[{""package"": ""SOP28"", ""part_number"": ""PY32T020G15S7-B""}, {""package"": ""SOP28"", ""part_number"": ""PY32T020G25S7-B""}, {""package"": ""SOP28"", ""part_number"": ""PY32T020G35S7-B""}, {""package"": ""TSSOP20"", ""part_number"": ""PY32T020F15P7-B""}, {""package"": ""SOP20"", ""part_number"": ""PY32T020F25S7-B""}, {""package"": ""QFN20"", ""part_number"": ""PY32T020F45U7-B""}, {""package"": ""SOP16"", ""part_number"": ""PY32T020W25S7-B""}, {""package"": ""SOP8"", ""part_number"": ""PY32T020L15S7-B""}]",2026-09-07T08:57:27+00:00,official_product_table_compatible_rows
device,puya::py32t020x5,pin_counts,puya:official-product-table:py32t020,https://www.puyasemi.com/en/py32t020.html,exact compatible ordering-code rows,"[{""package"": ""SOP28"", ""part_number"": ""PY32T020G15S7-B""}, {""package"": ""SOP28"", ""part_number"": ""PY32T020G25S7-B""}, {""package"": ""SOP28"", ""part_number"": ""PY32T020G35S7-B""}, {""package"": ""TSSOP20"", ""part_number"": ""PY32T020F15P7-B""}, {""package"": ""SOP20"", ""part_number"": ""PY32T020F25S7-B""}, {""package"": ""QFN20"", ""part_number"": ""PY32T020F45U7-B""}, {""package"": ""SOP16"", ""part_number"": ""PY32T020W25S7-B""}, {""package"": ""SOP8"", ""part_number"": ""PY32T020L15S7-B""}]",2026-09-07T08:57:27+00:00,official_product_table_compatible_rows
device,puya::py32t020x6,documents_json,puya:official-product-table:py32t020,https://www.puyasemi.com/en/py32t020.html,all exact product-table rows,"{""datasheet_url"": ""https://www.puyasemi.com/download_path/%E6%95%B0%E6%8D%AE%E6%89%8B%E5%86%8C/MCU/PY32T020-B_Datasheet_V2.1.pdf""}",2026-09-07T08:57:27+00:00,official_product_table_shared_datasheet
device,puya::py32t020x6,documents_json,puya:official-product-table:py32t020,https://www.puyasemi.com/en/py32t020.html,exact compatible ordering-code rows,"{""datasheet_url"": ""https://www.puyasemi.com/download_path/%E6%95%B0%E6%8D%AE%E6%89%8B%E5%86%8C/MCU/PY32T020-B_Datasheet_V2.1.pdf"", ""part_numbers"": [""PY32T020G16P7-B"", ""PY32T020G46P7-B"", ""PY32T020G16S7-B"", ""PY32T020G26S7-B"", ""PY32T020G36S7-B"", ""PY32T020G46S7-B"", ""PY32T020F16S7-B""]}",2026-09-07T08:57:27+00:00,official_product_table_compatible_datasheet
device,puya::py32t020x6,package_types,puya:official-product-table:py32t020,https://www.puyasemi.com/en/py32t020.html,exact compatible ordering-code rows,"[{""package"": ""TSSOP28"", ""part_number"": ""PY32T020G16P7-B""}, {""package"": ""TSSOP28"", ""part_number"": ""PY32T020G46P7-B""}, {""package"": ""SOP28"", ""part_number"": ""PY32T020G16S7-B""}, {""package"": ""SOP28"", ""part_number"": ""PY32T020G26S7-B""}, {""package"": ""SOP28"", ""part_number"": ""PY32T020G36S7-B""}, {""package"": ""SOP28"", ""part_number"": ""PY32T020G46S7-B""}, {""package"": ""SOP20"", ""part_number"": ""PY32T020F16S7-B""}]",2026-09-07T08:57:27+00:00,official_product_table_compatible_rows
device,puya::py32t020x6,pin_counts,puya:official-product-table:py32t020,https://www.puyasemi.com/en/py32t020.html,exact compatible ordering-code rows,"[{""package"": ""TSSOP28"", ""part_number"": ""PY32T020G16P7-B""}, {""package"": ""TSSOP28"", ""part_number"": ""PY32T020G46P7-B""}, {""package"": ""SOP28"", ""part_number"": ""PY32T020G16S7-B""}, {""package"": ""SOP28"", ""part_number"": ""PY32T020G26S7-B""}, {""package"": ""SOP28"", ""part_number"": ""PY32T020G36S7-B""}, {""package"": ""SOP28"", ""part_number"": ""PY32T020G46S7-B""}, {""package"": ""SOP20"", ""part_number"": ""PY32T020F16S7-B""}]",2026-09-07T08:57:27+00:00,official_product_table_compatible_rows
device,puya::py32t090xb,documents_json,puya:official-product-table:py32t090,https://www.puyasemi.com/en/py32t090889.html,all exact product-table rows,"{""datasheet_url"": ""https://www.puyasemi.com/download_path/%E6%95%B0%E6%8D%AE%E6%89%8B%E5%86%8C/MCU/PY32T090_Datasheet_V1.3.pdf""}",2026-09-07T08:57:27+00:00,official_product_table_shared_datasheet
device,puya::py32t090xb,max_clock_hz,puya:official-product-table:py32t090,https://www.puyasemi.com/en/py32t090889.html,unanimous exact product-line / core / Flash / SRAM ordering-code rows,"[{""max_clock_mhz"": ""72"", ""part_number"": ""PY32T090R2BU7""}, {""max_clock_mhz"": ""72"", ""part_number"": ""PY32T090C1BT7""}, {""max_clock_mhz"": ""72"", ""part_number"": ""PY32T090S1BT7""}, {""max_clock_mhz"": ""72"", ""part_number"": ""PY32T090K1BT7""}, {""max_clock_mhz"": ""72"", ""part_number"": ""PY32T090G5BS7""}]",2026-09-07T08:57:27+00:00,official_product_table_unanimous_variant_value
device,puya::py32t090xb,documents_json,puya:official-product-table:py32t090,https://www.puyasemi.com/en/py32t090889.html,exact compatible ordering-code rows,"{""datasheet_url"": ""https://www.puyasemi.com/download_path/%E6%95%B0%E6%8D%AE%E6%89%8B%E5%86%8C/MCU/PY32T090_Datasheet_V1.3.pdf"", ""part_numbers"": [""PY32T090R2BU7"", ""PY32T090C1BT7"", ""PY32T090S1BT7"", ""PY32T090K1BT7"", ""PY32T090G5BS7""]}",2026-09-07T08:57:27+00:00,official_product_table_compatible_datasheet
device,puya::py32t090xb,package_types,puya:official-product-table:py32t090,https://www.puyasemi.com/en/py32t090889.html,exact compatible ordering-code rows,"[{""package"": ""QFN64"", ""part_number"": ""PY32T090R2BU7""}, {""package"": ""LQFP48"", ""part_number"": ""PY32T090C1BT7""}, {""package"": ""LQFP44"", ""part_number"": ""PY32T090S1BT7""}, {""package"": ""LQFP32"", ""part_number"": ""PY32T090K1BT7""}, {""package"": ""SOP28"", ""part_number"": ""PY32T090G5BS7""}]",2026-09-07T08:57:27+00:00,official_product_table_compatible_rows
device,puya::py32t090xb,pin_counts,puya:official-product-table:py32t090,https://www.puyasemi.com/en/py32t090889.html,exact compatible ordering-code rows,"[{""package"": ""QFN64"", ""part_number"": ""PY32T090R2BU7""}, {""package"": ""LQFP48"", ""part_number"": ""PY32T090C1BT7""}, {""package"": ""LQFP44"", ""part_number"": ""PY32T090S1BT7""}, {""package"": ""LQFP32"", ""part_number"": ""PY32T090K1BT7""}, {""package"": ""SOP28"", ""part_number"": ""PY32T090G5BS7""}]",2026-09-07T08:57:27+00:00,official_product_table_compatible_rows
device,puya::py32t090xc,documents_json,puya:official-product-table:py32t090,https://www.puyasemi.com/en/py32t090889.html,all exact product-table rows,"{""datasheet_url"": ""https://www.puyasemi.com/download_path/%E6%95%B0%E6%8D%AE%E6%89%8B%E5%86%8C/MCU/PY32T090_Datasheet_V1.3.pdf""}",2026-09-07T08:57:27+00:00,official_product_table_shared_datasheet
device,puya::py32t090xc,max_clock_hz,puya:official-product-table:py32t090,https://www.puyasemi.com/en/py32t090889.html,unanimous exact product-line / core / Flash / SRAM ordering-code rows,"[{""max_clock_mhz"": ""72"", ""part_number"": ""PY32T090R2CT7""}, {""max_clock_mhz"": ""72"", ""part_number"": ""PY32T090C1CT7""}, {""max_clock_mhz"": ""72"", ""part_number"": ""PY32T090S1CT7""}, {""max_clock_mhz"": ""72"", ""part_number"": ""PY32T090G5CS7""}]",2026-09-07T08:57:27+00:00,official_product_table_unanimous_variant_value
device,puya::py32t090xc,documents_json,puya:official-product-table:py32t090,https://www.puyasemi.com/en/py32t090889.html,exact compatible ordering-code rows,"{""datasheet_url"": ""https://www.puyasemi.com/download_path/%E6%95%B0%E6%8D%AE%E6%89%8B%E5%86%8C/MCU/PY32T090_Datasheet_V1.3.pdf"", ""part_numbers"": [""PY32T090R2CT7"", ""PY32T090C1CT7"", ""PY32T090S1CT7"", ""PY32T090G5CS7""]}",2026-09-07T08:57:27+00:00,official_product_table_compatible_datasheet
device,puya::py32t090xc,package_types,puya:official-product-table:py32t090,https://www.puyasemi.com/en/py32t090889.html,exact compatible ordering-code rows,"[{""package"": ""LQFP64"", ""part_number"": ""PY32T090R2CT7""}, {""package"": ""LQFP48"", ""part_number"": ""PY32T090C1CT7""}, {""package"": ""LQFP44"", ""part_number"": ""PY32T090S1CT7""}, {""package"": ""SOP28"", ""part_number"": ""PY32T090G5CS7""}]",2026-09-07T08:57:27+00:00,official_product_table_compatible_rows
device,puya::py32t090xc,pin_counts,puya:official-product-table:py32t090,https://www.puyasemi.com/en/py32t090889.html,exact compatible ordering-code rows,"[{""package"": ""LQFP64"", ""part_number"": ""PY32T090R2CT7""}, {""package"": ""LQFP48"", ""part_number"": ""PY32T090C1CT7""}, {""package"": ""LQFP44"", ""part_number"": ""PY32T090S1CT7""}, {""package"": ""SOP28"", ""part_number"": ""PY32T090G5CS7""}]",2026-09-07T08:57:27+00:00,official_product_table_compatible_rows
device,puya::py32t092xc,documents_json,puya:official-product-table:py32t092,https://www.puyasemi.com/en/py32t092.html,all exact product-table rows,"{""datasheet_url"": ""https://www.puyasemi.com/download_path/%E6%95%B0%E6%8D%AE%E6%89%8B%E5%86%8C/MCU/PY32T092_Datasheet_V0.8.pdf""}",2026-09-07T08:57:27+00:00,official_product_table_shared_datasheet
device,puya::py32t092xc,max_clock_hz,puya:official-product-table:py32t092,https://www.puyasemi.com/en/py32t092.html,unanimous exact product-line / core / Flash / SRAM ordering-code rows,"[{""max_clock_mhz"": ""72"", ""part_number"": ""PY32T092R2CT7""}]",2026-09-07T08:57:27+00:00,official_product_table_unanimous_variant_value
device,puya::py32t092xc,documents_json,puya:official-product-table:py32t092,https://www.puyasemi.com/en/py32t092.html,exact compatible ordering-code rows,"{""datasheet_url"": ""https://www.puyasemi.com/download_path/%E6%95%B0%E6%8D%AE%E6%89%8B%E5%86%8C/MCU/PY32T092_Datasheet_V0.8.pdf"", ""part_numbers"": [""PY32T092R2CT7""]}",2026-09-07T08:57:27+00:00,official_product_table_compatible_datasheet
device,puya::py32t092xc,package_types,puya:official-product-table:py32t092,https://www.puyasemi.com/en/py32t092.html,exact compatible ordering-code rows,"[{""package"": ""LQFP64"", ""part_number"": ""PY32T092R2CT7""}]",2026-09-07T08:57:27+00:00,official_product_table_compatible_rows
device,puya::py32t092xc,pin_counts,puya:official-product-table:py32t092,https://www.puyasemi.com/en/py32t092.html,exact compatible ordering-code rows,"[{""package"": ""LQFP64"", ""part_number"": ""PY32T092R2CT7""}]",2026-09-07T08:57:27+00:00,official_product_table_compatible_rows
