source_id,source_type,publisher,title,url,version,observed_at,verification_scope
cmsis:Renesas.RA_DFP@6.5.1,cmsis_pdsc,Renesas,Renesas.RA_DFP,https://www2.renesas.eu/Keil_MDK_Packs/Renesas.RA_DFP.pdsc,6.5.1,2026-08-25T06:50:16+00:00,device names and metadata present in the PDSC; not purchasing-code completeness
renesas:options:ra:ra0e1@36038149,manufacturer_product_selector_api,Renesas Electronics Corporation,Renesas RA0E1 exact product options,https://www.renesas.com/en/api/renesas-products/v1/options/25525311/36038149,revision:36038149;schema:b401770d53d1a41af8ea84f7c3284409,2026-08-25T06:50:16+00:00,"Exact base part numbers, orderable codes, package data, lifecycle, memory, frequency, and peripheral fields."
renesas:options:ra:ra0e2@36072318,manufacturer_product_selector_api,Renesas Electronics Corporation,Renesas RA0E2 exact product options,https://www.renesas.com/en/api/renesas-products/v1/options/25571631/36072318,revision:36072318;schema:6192f5ec77b24bb691e5e5f2c625d7f9,2026-08-25T06:50:16+00:00,"Exact base part numbers, orderable codes, package data, lifecycle, memory, frequency, and peripheral fields."
renesas:options:ra:ra0e3@35968331,manufacturer_product_selector_api,Renesas Electronics Corporation,Renesas RA0E3 exact product options,https://www.renesas.com/en/api/renesas-products/v1/options/25579261/35968331,revision:35968331;schema:a8c89009f433f553d4bbd1408d967231,2026-08-25T06:50:16+00:00,"Exact base part numbers, orderable codes, package data, lifecycle, memory, frequency, and peripheral fields."
renesas:options:ra:ra0l1@36061360,manufacturer_product_selector_api,Renesas Electronics Corporation,Renesas RA0L1 exact product options,https://www.renesas.com/en/api/renesas-products/v1/options/25575933/36061360,revision:36061360;schema:7ed6bff10fa2421a66d9278aeaa3c16a,2026-08-25T06:50:16+00:00,"Exact base part numbers, orderable codes, package data, lifecycle, memory, frequency, and peripheral fields."
renesas:options:ra:ra2a1@36061361,manufacturer_product_selector_api,Renesas Electronics Corporation,Renesas RA2A1 exact product options,https://www.renesas.com/en/api/renesas-products/v1/options/1054141/36061361,revision:36061361;schema:016be68bf5b9f85661a42d01d313ce39,2026-08-25T06:50:16+00:00,"Exact base part numbers, orderable codes, package data, lifecycle, memory, frequency, and peripheral fields."
renesas:options:ra:ra2a2@36038153,manufacturer_product_selector_api,Renesas Electronics Corporation,Renesas RA2A2 exact product options,https://www.renesas.com/en/api/renesas-products/v1/options/25523966/36038153,revision:36038153;schema:ae4c5f2d96b7b245ebcd7e1c3c10f320,2026-08-25T06:50:16+00:00,"Exact base part numbers, orderable codes, package data, lifecycle, memory, frequency, and peripheral fields."
renesas:options:ra:ra2e1@36061362,manufacturer_product_selector_api,Renesas Electronics Corporation,Renesas RA2E1 exact product options,https://www.renesas.com/en/api/renesas-products/v1/options/1469021/36061362,revision:36061362;schema:ae8bc9b8573c0f2af285d0f16e070d7b,2026-08-25T06:50:16+00:00,"Exact base part numbers, orderable codes, package data, lifecycle, memory, frequency, and peripheral fields."
renesas:options:ra:ra2e2@36038155,manufacturer_product_selector_api,Renesas Electronics Corporation,Renesas RA2E2 exact product options,https://www.renesas.com/en/api/renesas-products/v1/options/1532431/36038155,revision:36038155;schema:c453d5a86fede21e673179b1c8376e97,2026-08-25T06:50:16+00:00,"Exact base part numbers, orderable codes, package data, lifecycle, memory, frequency, and peripheral fields."
renesas:options:ra:ra2e3@36038156,manufacturer_product_selector_api,Renesas Electronics Corporation,Renesas RA2E3 exact product options,https://www.renesas.com/en/api/renesas-products/v1/options/25450551/36038156,revision:36038156;schema:bceaedebb921dddbf19c89cc0f3285b4,2026-08-25T06:50:16+00:00,"Exact base part numbers, orderable codes, package data, lifecycle, memory, frequency, and peripheral fields."
renesas:options:ra:ra2l1@36061363,manufacturer_product_selector_api,Renesas Electronics Corporation,Renesas RA2L1 exact product options,https://www.renesas.com/en/api/renesas-products/v1/options/1398061/36061363,revision:36061363;schema:9e47321dd17331f5b86da96893a0717c,2026-08-25T06:50:16+00:00,"Exact base part numbers, orderable codes, package data, lifecycle, memory, frequency, and peripheral fields."
renesas:options:ra:ra2l2@36063831,manufacturer_product_selector_api,Renesas Electronics Corporation,Renesas RA2L2 exact product options,https://www.renesas.com/en/api/renesas-products/v1/options/25572996/36063831,revision:36063831;schema:6432be21663173d8ec3aa2a5655dae24,2026-08-25T06:50:16+00:00,"Exact base part numbers, orderable codes, package data, lifecycle, memory, frequency, and peripheral fields."
renesas:options:ra:ra2t1@36038159,manufacturer_product_selector_api,Renesas Electronics Corporation,Renesas RA2T1 exact product options,https://www.renesas.com/en/api/renesas-products/v1/options/25573820/36038159,revision:36038159;schema:31dbe692cff14c33f5923f9e7dafe253,2026-08-25T06:50:16+00:00,"Exact base part numbers, orderable codes, package data, lifecycle, memory, frequency, and peripheral fields."
renesas:options:ra:ra4c1@36038160,manufacturer_product_selector_api,Renesas Electronics Corporation,Renesas RA4C1 exact product options,https://www.renesas.com/en/api/renesas-products/v1/options/25574749/36038160,revision:36038160;schema:ed1e26adf7b6aad5035527306a6ec46e,2026-08-25T06:50:16+00:00,"Exact base part numbers, orderable codes, package data, lifecycle, memory, frequency, and peripheral fields."
renesas:options:ra:ra4e1@36038161,manufacturer_product_selector_api,Renesas Electronics Corporation,Renesas RA4E1 exact product options,https://www.renesas.com/en/api/renesas-products/v1/options/1521991/36038161,revision:36038161;schema:305ac6820783bc3d71f5ee6be52bc9c4,2026-08-25T06:50:16+00:00,"Exact base part numbers, orderable codes, package data, lifecycle, memory, frequency, and peripheral fields."
renesas:options:ra:ra4e2@36038162,manufacturer_product_selector_api,Renesas Electronics Corporation,Renesas RA4E2 exact product options,https://www.renesas.com/en/api/renesas-products/v1/options/25411256/36038162,revision:36038162;schema:ba4651a4ed4f6c9a58e0a1ff729e76cb,2026-08-25T06:50:16+00:00,"Exact base part numbers, orderable codes, package data, lifecycle, memory, frequency, and peripheral fields."
renesas:options:ra:ra4l1@36061364,manufacturer_product_selector_api,Renesas Electronics Corporation,Renesas RA4L1 exact product options,https://www.renesas.com/en/api/renesas-products/v1/options/25568281/36061364,revision:36061364;schema:045813ce2cdffeed0a6bfb10bf6e145e,2026-08-25T06:50:16+00:00,"Exact base part numbers, orderable codes, package data, lifecycle, memory, frequency, and peripheral fields."
renesas:options:ra:ra4m1@36061365,manufacturer_product_selector_api,Renesas Electronics Corporation,Renesas RA4M1 exact product options,https://www.renesas.com/en/api/renesas-products/v1/options/1054146/36061365,revision:36061365;schema:4992e8781d20f080dc613abf5b947c4d,2026-08-25T06:50:16+00:00,"Exact base part numbers, orderable codes, package data, lifecycle, memory, frequency, and peripheral fields."
renesas:options:ra:ra4m2@36061366,manufacturer_product_selector_api,Renesas Electronics Corporation,Renesas RA4M2 exact product options,https://www.renesas.com/en/api/renesas-products/v1/options/1469026/36061366,revision:36061366;schema:979d24cfde3e6009b0fbe88473e878ae,2026-08-25T06:50:16+00:00,"Exact base part numbers, orderable codes, package data, lifecycle, memory, frequency, and peripheral fields."
renesas:options:ra:ra4m3@36061367,manufacturer_product_selector_api,Renesas Electronics Corporation,Renesas RA4M3 exact product options,https://www.renesas.com/en/api/renesas-products/v1/options/1400806/36061367,revision:36061367;schema:36726266a151b3c376d85f1ffd5af671,2026-08-25T06:50:16+00:00,"Exact base part numbers, orderable codes, package data, lifecycle, memory, frequency, and peripheral fields."
renesas:options:ra:ra4t1@36038167,manufacturer_product_selector_api,Renesas Electronics Corporation,Renesas RA4T1 exact product options,https://www.renesas.com/en/api/renesas-products/v1/options/25421221/36038167,revision:36038167;schema:2e9f99a404dddaec5ae8bb90e35f4a4c,2026-08-25T06:50:16+00:00,"Exact base part numbers, orderable codes, package data, lifecycle, memory, frequency, and peripheral fields."
renesas:options:ra:ra6e1@36038169,manufacturer_product_selector_api,Renesas Electronics Corporation,Renesas RA6E1 exact product options,https://www.renesas.com/en/api/renesas-products/v1/options/1521986/36038169,revision:36038169;schema:290edc38b0ca328173a0e00ba2cb18a5,2026-08-25T06:50:16+00:00,"Exact base part numbers, orderable codes, package data, lifecycle, memory, frequency, and peripheral fields."
renesas:options:ra:ra6e2@36038170,manufacturer_product_selector_api,Renesas Electronics Corporation,Renesas RA6E2 exact product options,https://www.renesas.com/en/api/renesas-products/v1/options/25411266/36038170,revision:36038170;schema:26f5c1c8054c29c3f0525acb788d1b4c,2026-08-25T06:50:16+00:00,"Exact base part numbers, orderable codes, package data, lifecycle, memory, frequency, and peripheral fields."
renesas:options:ra:ra6m1@36061369,manufacturer_product_selector_api,Renesas Electronics Corporation,Renesas RA6M1 exact product options,https://www.renesas.com/en/api/renesas-products/v1/options/1054156/36061369,revision:36061369;schema:7e0cebde87f79fe576497d33772d57eb,2026-08-25T06:50:16+00:00,"Exact base part numbers, orderable codes, package data, lifecycle, memory, frequency, and peripheral fields."
renesas:options:ra:ra6m2@36061370,manufacturer_product_selector_api,Renesas Electronics Corporation,Renesas RA6M2 exact product options,https://www.renesas.com/en/api/renesas-products/v1/options/1054161/36061370,revision:36061370;schema:0eb6feb29a9c5d94be5d7709c0552dbd,2026-08-25T06:50:16+00:00,"Exact base part numbers, orderable codes, package data, lifecycle, memory, frequency, and peripheral fields."
renesas:options:ra:ra6m3@36061371,manufacturer_product_selector_api,Renesas Electronics Corporation,Renesas RA6M3 exact product options,https://www.renesas.com/en/api/renesas-products/v1/options/1054166/36061371,revision:36061371;schema:513028888691eaaff87b6a28d08498e3,2026-08-25T06:50:16+00:00,"Exact base part numbers, orderable codes, package data, lifecycle, memory, frequency, and peripheral fields."
renesas:options:ra:ra6m4@36061372,manufacturer_product_selector_api,Renesas Electronics Corporation,Renesas RA6M4 exact product options,https://www.renesas.com/en/api/renesas-products/v1/options/1333976/36061372,revision:36061372;schema:e24bc7c70971aa683779a5f2beefb2e2,2026-08-25T06:50:16+00:00,"Exact base part numbers, orderable codes, package data, lifecycle, memory, frequency, and peripheral fields."
renesas:options:ra:ra6m5@36061373,manufacturer_product_selector_api,Renesas Electronics Corporation,Renesas RA6M5 exact product options,https://www.renesas.com/en/api/renesas-products/v1/options/1493931/36061373,revision:36061373;schema:b6343618c3d27cc41e42892533d33eb4,2026-08-25T06:50:16+00:00,"Exact base part numbers, orderable codes, package data, lifecycle, memory, frequency, and peripheral fields."
renesas:options:ra:ra6t1@36038176,manufacturer_product_selector_api,Renesas Electronics Corporation,Renesas RA6T1 exact product options,https://www.renesas.com/en/api/renesas-products/v1/options/1326271/36038176,revision:36038176;schema:f73a9e2b34c23a53ab4eb0ad84a9118c,2026-08-25T06:50:16+00:00,"Exact base part numbers, orderable codes, package data, lifecycle, memory, frequency, and peripheral fields."
renesas:options:ra:ra6t2@36038177,manufacturer_product_selector_api,Renesas Electronics Corporation,Renesas RA6T2 exact product options,https://www.renesas.com/en/api/renesas-products/v1/options/1542426/36038177,revision:36038177;schema:b499fddd5b02c6dd0cb522b8f72e1af4,2026-08-25T06:50:16+00:00,"Exact base part numbers, orderable codes, package data, lifecycle, memory, frequency, and peripheral fields."
renesas:options:ra:ra6t3@36038178,manufacturer_product_selector_api,Renesas Electronics Corporation,Renesas RA6T3 exact product options,https://www.renesas.com/en/api/renesas-products/v1/options/25421226/36038178,revision:36038178;schema:342052c324652109da0b5478ce0cc9ea,2026-08-25T06:50:16+00:00,"Exact base part numbers, orderable codes, package data, lifecycle, memory, frequency, and peripheral fields."
renesas:options:ra:ra6w1@35980575,manufacturer_product_selector_api,Renesas Electronics Corporation,Renesas RA6W1 exact product options,https://www.renesas.com/en/api/renesas-products/v1/options/25578118/35980575,revision:35980575;schema:cde77b1b000f117b780ead3ed8402b38,2026-08-25T06:50:16+00:00,"Exact base part numbers, orderable codes, package data, lifecycle, memory, frequency, and peripheral fields."
renesas:options:ra:ra6w2@36014146,manufacturer_product_selector_api,Renesas Electronics Corporation,Renesas RA6W2 exact product options,https://www.renesas.com/en/api/renesas-products/v1/options/25612750/36014146,revision:36014146;schema:b601ceddd1d0c25663eba124d1dab46a,2026-08-25T06:50:16+00:00,"Exact base part numbers, orderable codes, package data, lifecycle, memory, frequency, and peripheral fields."
renesas:options:ra:ra8d1@36038179,manufacturer_product_selector_api,Renesas Electronics Corporation,Renesas RA8D1 exact product options,https://www.renesas.com/en/api/renesas-products/v1/options/25456556/36038179,revision:36038179;schema:e883b6785ef802ae697b54b0b83d242a,2026-08-25T06:50:16+00:00,"Exact base part numbers, orderable codes, package data, lifecycle, memory, frequency, and peripheral fields."
renesas:options:ra:ra8d2@36038180,manufacturer_product_selector_api,Renesas Electronics Corporation,Renesas RA8D2 exact product options,https://www.renesas.com/en/api/renesas-products/v1/options/25576856/36038180,revision:36038180;schema:a877c328fe9a6f4239daf55169505dec,2026-08-25T06:50:16+00:00,"Exact base part numbers, orderable codes, package data, lifecycle, memory, frequency, and peripheral fields."
renesas:options:ra:ra8e1@36038181,manufacturer_product_selector_api,Renesas Electronics Corporation,Renesas RA8E1 exact product options,https://www.renesas.com/en/api/renesas-products/v1/options/25566640/36038181,revision:36038181;schema:5d6382b4852aebf996b2d7d5dddb6b5f,2026-08-25T06:50:16+00:00,"Exact base part numbers, orderable codes, package data, lifecycle, memory, frequency, and peripheral fields."
renesas:options:ra:ra8e2@36038182,manufacturer_product_selector_api,Renesas Electronics Corporation,Renesas RA8E2 exact product options,https://www.renesas.com/en/api/renesas-products/v1/options/25566642/36038182,revision:36038182;schema:4ebe8206c5342d2a2ee2d22077be9130,2026-08-25T06:50:16+00:00,"Exact base part numbers, orderable codes, package data, lifecycle, memory, frequency, and peripheral fields."
renesas:options:ra:ra8m1@36038183,manufacturer_product_selector_api,Renesas Electronics Corporation,Renesas RA8M1 exact product options,https://www.renesas.com/en/api/renesas-products/v1/options/25447396/36038183,revision:36038183;schema:ca90740802129191290f4757c7b8d0e6,2026-08-25T06:50:16+00:00,"Exact base part numbers, orderable codes, package data, lifecycle, memory, frequency, and peripheral fields."
renesas:options:ra:ra8m2@36038184,manufacturer_product_selector_api,Renesas Electronics Corporation,Renesas RA8M2 exact product options,https://www.renesas.com/en/api/renesas-products/v1/options/25576855/36038184,revision:36038184;schema:f497389d57f56b067136e58afcf185ce,2026-08-25T06:50:16+00:00,"Exact base part numbers, orderable codes, package data, lifecycle, memory, frequency, and peripheral fields."
renesas:options:ra:ra8p1@36038185,manufacturer_product_selector_api,Renesas Electronics Corporation,Renesas RA8P1 exact product options,https://www.renesas.com/en/api/renesas-products/v1/options/25574019/36038185,revision:36038185;schema:08b4b51bf132092b9eb2a08b99c0b127,2026-08-25T06:50:16+00:00,"Exact base part numbers, orderable codes, package data, lifecycle, memory, frequency, and peripheral fields."
renesas:options:ra:ra8t1@36038186,manufacturer_product_selector_api,Renesas Electronics Corporation,Renesas RA8T1 exact product options,https://www.renesas.com/en/api/renesas-products/v1/options/25463106/36038186,revision:36038186;schema:2e6d13174b8497482dbaf9459042bc99,2026-08-25T06:50:16+00:00,"Exact base part numbers, orderable codes, package data, lifecycle, memory, frequency, and peripheral fields."
renesas:options:ra:ra8t2@36038187,manufacturer_product_selector_api,Renesas Electronics Corporation,Renesas RA8T2 exact product options,https://www.renesas.com/en/api/renesas-products/v1/options/25575951/36038187,revision:36038187;schema:0e0b83a9d0365a8e4af12f317aa4bcc7,2026-08-25T06:50:16+00:00,"Exact base part numbers, orderable codes, package data, lifecycle, memory, frequency, and peripheral fields."
renesas:options:rh850:rh850-c1h@36038189,manufacturer_product_selector_api,Renesas Electronics Corporation,Renesas RH850/C1H exact product options,https://www.renesas.com/en/api/renesas-products/v1/options/1054176/36038189,revision:36038189;schema:d1e1aed409aa38a8c9caf99cf5714038,2026-08-25T06:50:16+00:00,"Exact base part numbers, orderable codes, package data, lifecycle, memory, frequency, and peripheral fields."
renesas:options:rh850:rh850-c1m-ax@36036910,manufacturer_product_selector_api,Renesas Electronics Corporation,Renesas RH850/C1M-Ax exact product options,https://www.renesas.com/en/api/renesas-products/v1/options/1498861/36036910,revision:36036910;schema:a978b1e985fb91def576380a5078e39d,2026-08-25T06:50:16+00:00,"Exact base part numbers, orderable codes, package data, lifecycle, memory, frequency, and peripheral fields."
renesas:options:rh850:rh850-c1m@36038190,manufacturer_product_selector_api,Renesas Electronics Corporation,Renesas RH850/C1M exact product options,https://www.renesas.com/en/api/renesas-products/v1/options/1054181/36038190,revision:36038190;schema:93a70580401c53e54598fcbbf9d3a4cb,2026-08-25T06:50:16+00:00,"Exact base part numbers, orderable codes, package data, lifecycle, memory, frequency, and peripheral fields."
renesas:options:rh850:rh850-d1l@36034430,manufacturer_product_selector_api,Renesas Electronics Corporation,Renesas RH850/D1L exact product options,https://www.renesas.com/en/api/renesas-products/v1/options/1054186/36034430,revision:36034430;schema:beb41b1a421b9cf25063a3ad003bee13,2026-08-25T06:50:16+00:00,"Exact base part numbers, orderable codes, package data, lifecycle, memory, frequency, and peripheral fields."
renesas:options:rh850:rh850-d1m@36036896,manufacturer_product_selector_api,Renesas Electronics Corporation,Renesas RH850/D1M exact product options,https://www.renesas.com/en/api/renesas-products/v1/options/1054191/36036896,revision:36036896;schema:d56052eee2214e913fc4ba5f31a85c89,2026-08-25T06:50:16+00:00,"Exact base part numbers, orderable codes, package data, lifecycle, memory, frequency, and peripheral fields."
renesas:options:rh850:rh850-d1s@35981495,manufacturer_product_selector_api,Renesas Electronics Corporation,Renesas RH850/D1S exact product options,https://www.renesas.com/en/api/renesas-products/v1/options/1392151/35981495,revision:35981495;schema:4f3b1642a8c8dac10aafd233f5f42eb4,2026-08-25T06:50:16+00:00,"Exact base part numbers, orderable codes, package data, lifecycle, memory, frequency, and peripheral fields."
renesas:options:rh850:rh850-e1l@36038193,manufacturer_product_selector_api,Renesas Electronics Corporation,Renesas RH850/E1L exact product options,https://www.renesas.com/en/api/renesas-products/v1/options/1255086/36038193,revision:36038193;schema:e6429af4065214cbe58dff93dab8d327,2026-08-25T06:50:16+00:00,"Exact base part numbers, orderable codes, package data, lifecycle, memory, frequency, and peripheral fields."
renesas:options:rh850:rh850-e1m-s2@36038195,manufacturer_product_selector_api,Renesas Electronics Corporation,Renesas RH850/E1M-S2 exact product options,https://www.renesas.com/en/api/renesas-products/v1/options/1054196/36038195,revision:36038195;schema:83e40715cb68cbeba23122035aa57ca3,2026-08-25T06:50:16+00:00,"Exact base part numbers, orderable codes, package data, lifecycle, memory, frequency, and peripheral fields."
renesas:options:rh850:rh850-e1m-s@36072298,manufacturer_product_selector_api,Renesas Electronics Corporation,Renesas RH850/E1M-S exact product options,https://www.renesas.com/en/api/renesas-products/v1/options/25454051/36072298,revision:36072298;schema:ad5507fa2a7b4e328f179d260e5ea8ff,2026-08-25T06:50:16+00:00,"Exact base part numbers, orderable codes, package data, lifecycle, memory, frequency, and peripheral fields."
renesas:options:rh850:rh850-e2h@35967042,manufacturer_product_selector_api,Renesas Electronics Corporation,Renesas RH850/E2H exact product options,https://www.renesas.com/en/api/renesas-products/v1/options/1255081/35967042,revision:35967042;schema:468a9da463203e10ca858a785b793774,2026-08-25T06:50:16+00:00,"Exact base part numbers, orderable codes, package data, lifecycle, memory, frequency, and peripheral fields."
renesas:options:rh850:rh850-e2m@35967049,manufacturer_product_selector_api,Renesas Electronics Corporation,Renesas RH850/E2M exact product options,https://www.renesas.com/en/api/renesas-products/v1/options/1054201/35967049,revision:35967049;schema:f5bea8bd0be6e68ee4fd7d39f08009b4,2026-08-25T06:50:16+00:00,"Exact base part numbers, orderable codes, package data, lifecycle, memory, frequency, and peripheral fields."
renesas:options:rh850:rh850-e2uh@35967043,manufacturer_product_selector_api,Renesas Electronics Corporation,Renesas RH850/E2UH exact product options,https://www.renesas.com/en/api/renesas-products/v1/options/1255101/35967043,revision:35967043;schema:235440cc52e268ec1a557273defc7dd4,2026-08-25T06:50:16+00:00,"Exact base part numbers, orderable codes, package data, lifecycle, memory, frequency, and peripheral fields."
renesas:options:rh850:rh850-f1k@36038197,manufacturer_product_selector_api,Renesas Electronics Corporation,Renesas RH850/F1K exact product options,https://www.renesas.com/en/api/renesas-products/v1/options/1170166/36038197,revision:36038197;schema:22942c6458b8165c1940f1bd6aa7b395,2026-08-25T06:50:16+00:00,"Exact base part numbers, orderable codes, package data, lifecycle, memory, frequency, and peripheral fields."
renesas:options:rh850:rh850-f1kh-d8@36036923,manufacturer_product_selector_api,Renesas Electronics Corporation,Renesas RH850/F1KH-D8 exact product options,https://www.renesas.com/en/api/renesas-products/v1/options/1170171/36036923,revision:36036923;schema:e156710ea333c8e53c7c5290afe4ee77,2026-08-25T06:50:16+00:00,"Exact base part numbers, orderable codes, package data, lifecycle, memory, frequency, and peripheral fields."
renesas:options:rh850:rh850-f1km-s1@36036924,manufacturer_product_selector_api,Renesas Electronics Corporation,Renesas RH850/F1KM-S1 exact product options,https://www.renesas.com/en/api/renesas-products/v1/options/1170176/36036924,revision:36036924;schema:0a046bc57224de8d3a5f24e14a1227f9,2026-08-25T06:50:16+00:00,"Exact base part numbers, orderable codes, package data, lifecycle, memory, frequency, and peripheral fields."
renesas:options:rh850:rh850-f1km-s2@36036922,manufacturer_product_selector_api,Renesas Electronics Corporation,Renesas RH850/F1KM-S2 exact product options,https://www.renesas.com/en/api/renesas-products/v1/options/25416066/36036922,revision:36036922;schema:1df0c074df21dc46536437bed9745b0a,2026-08-25T06:50:16+00:00,"Exact base part numbers, orderable codes, package data, lifecycle, memory, frequency, and peripheral fields."
renesas:options:rh850:rh850-f1km-s4@36036937,manufacturer_product_selector_api,Renesas Electronics Corporation,Renesas RH850/F1KM-S4 exact product options,https://www.renesas.com/en/api/renesas-products/v1/options/1170181/36036937,revision:36036937;schema:0db58934d42706031475ff68aee7afa1,2026-08-25T06:50:16+00:00,"Exact base part numbers, orderable codes, package data, lifecycle, memory, frequency, and peripheral fields."
renesas:options:rh850:rh850-f1l@36038198,manufacturer_product_selector_api,Renesas Electronics Corporation,Renesas RH850/F1L exact product options,https://www.renesas.com/en/api/renesas-products/v1/options/1054211/36038198,revision:36038198;schema:67cbacc595d675d6c85de355361308f1,2026-08-25T06:50:16+00:00,"Exact base part numbers, orderable codes, package data, lifecycle, memory, frequency, and peripheral fields."
renesas:options:rh850:rh850-p1h-c@36038200,manufacturer_product_selector_api,Renesas Electronics Corporation,Renesas RH850/P1H-C exact product options,https://www.renesas.com/en/api/renesas-products/v1/options/1054216/36038200,revision:36038200;schema:c8e510a4d5a0ba25cbe4e5ab189a9e5b,2026-08-25T06:50:16+00:00,"Exact base part numbers, orderable codes, package data, lifecycle, memory, frequency, and peripheral fields."
renesas:options:rh850:rh850-p1l-c@36038201,manufacturer_product_selector_api,Renesas Electronics Corporation,Renesas RH850/P1L-C exact product options,https://www.renesas.com/en/api/renesas-products/v1/options/1054221/36038201,revision:36038201;schema:eb2ee9fb59f951cfd6fcd0a74932f1a0,2026-08-25T06:50:16+00:00,"Exact base part numbers, orderable codes, package data, lifecycle, memory, frequency, and peripheral fields."
renesas:options:rh850:rh850-p1m-c@36038203,manufacturer_product_selector_api,Renesas Electronics Corporation,Renesas RH850/P1M-C exact product options,https://www.renesas.com/en/api/renesas-products/v1/options/1054231/36038203,revision:36038203;schema:4a702edae183d40a01661fe23f9243f7,2026-08-25T06:50:16+00:00,"Exact base part numbers, orderable codes, package data, lifecycle, memory, frequency, and peripheral fields."
renesas:options:rh850:rh850-p1m-e@36038204,manufacturer_product_selector_api,Renesas Electronics Corporation,Renesas RH850/P1M-E exact product options,https://www.renesas.com/en/api/renesas-products/v1/options/1054236/36038204,revision:36038204;schema:e8406f4c6002d2552fa3848d7013c0dc,2026-08-25T06:50:16+00:00,"Exact base part numbers, orderable codes, package data, lifecycle, memory, frequency, and peripheral fields."
renesas:options:rh850:rh850-p1m@36038202,manufacturer_product_selector_api,Renesas Electronics Corporation,Renesas RH850/P1M exact product options,https://www.renesas.com/en/api/renesas-products/v1/options/1054226/36038202,revision:36038202;schema:0969f2288362055ce7cbed9d3e767786,2026-08-25T06:50:16+00:00,"Exact base part numbers, orderable codes, package data, lifecycle, memory, frequency, and peripheral fields."
renesas:options:rh850:rh850-u2a@36073575,manufacturer_product_selector_api,Renesas Electronics Corporation,Renesas RH850/U2A exact product options,https://www.renesas.com/en/api/renesas-products/v1/options/1546621/36073575,revision:36073575;schema:6652d86f70c80070a2b6e1f15685dee7,2026-08-25T06:50:16+00:00,"Exact base part numbers, orderable codes, package data, lifecycle, memory, frequency, and peripheral fields."
renesas:options:rh850:rh850-u2b@36073576,manufacturer_product_selector_api,Renesas Electronics Corporation,Renesas RH850/U2B exact product options,https://www.renesas.com/en/api/renesas-products/v1/options/1539266/36073576,revision:36073576;schema:181f862d8b191bdd6bbcc7c947f017ec,2026-08-25T06:50:16+00:00,"Exact base part numbers, orderable codes, package data, lifecycle, memory, frequency, and peripheral fields."
renesas:options:rh850:rh850-u2c@36036919,manufacturer_product_selector_api,Renesas Electronics Corporation,Renesas RH850/U2C exact product options,https://www.renesas.com/en/api/renesas-products/v1/options/25610706/36036919,revision:36036919;schema:143c06d719cfdfbf8a784916b2735f12,2026-08-25T06:50:16+00:00,"Exact base part numbers, orderable codes, package data, lifecycle, memory, frequency, and peripheral fields."
renesas:options:riscv:r9a02g020@36017368,manufacturer_product_selector_api,Renesas Electronics Corporation,Renesas R9A02G020 exact product options,https://www.renesas.com/en/api/renesas-products/v1/options/1624346/36017368,revision:36017368;schema:be1c0e218745918649e941ec23be1112,2026-08-25T06:50:16+00:00,"Exact base part numbers, orderable codes, package data, lifecycle, memory, frequency, and peripheral fields."
renesas:options:riscv:r9a02g021@36038188,manufacturer_product_selector_api,Renesas Electronics Corporation,Renesas R9A02G021 exact product options,https://www.renesas.com/en/api/renesas-products/v1/options/25470171/36038188,revision:36038188;schema:eaa92f088cbad33b0991d42630e8dfea,2026-08-25T06:50:16+00:00,"Exact base part numbers, orderable codes, package data, lifecycle, memory, frequency, and peripheral fields."
renesas:options:riscv:r9a06g150@36017371,manufacturer_product_selector_api,Renesas Electronics Corporation,Renesas R9A06G150 exact product options,https://www.renesas.com/en/api/renesas-products/v1/options/12104991/36017371,revision:36017371;schema:d0606561a2eac63bfc3d9f520001dea4,2026-08-25T06:50:16+00:00,"Exact base part numbers, orderable codes, package data, lifecycle, memory, frequency, and peripheral fields."
renesas:options:rl78:rl78-d1a@36038206,manufacturer_product_selector_api,Renesas Electronics Corporation,Renesas RL78/D1A exact product options,https://www.renesas.com/en/api/renesas-products/v1/options/1054246/36038206,revision:36038206;schema:c4fe25e9e60fe2d6bca01f5eeea5c802,2026-08-25T06:50:16+00:00,"Exact base part numbers, orderable codes, package data, lifecycle, memory, frequency, and peripheral fields."
renesas:options:rl78:rl78-f12@36038207,manufacturer_product_selector_api,Renesas Electronics Corporation,Renesas RL78/F12 exact product options,https://www.renesas.com/en/api/renesas-products/v1/options/1054251/36038207,revision:36038207;schema:be650eef8b4db89e79be50d128a0a7b0,2026-08-25T06:50:16+00:00,"Exact base part numbers, orderable codes, package data, lifecycle, memory, frequency, and peripheral fields."
renesas:options:rl78:rl78-f13@36038208,manufacturer_product_selector_api,Renesas Electronics Corporation,Renesas RL78/F13 exact product options,https://www.renesas.com/en/api/renesas-products/v1/options/1054256/36038208,revision:36038208;schema:46bcfd4af6b157003790374847c434eb,2026-08-25T06:50:16+00:00,"Exact base part numbers, orderable codes, package data, lifecycle, memory, frequency, and peripheral fields."
renesas:options:rl78:rl78-f14@36038209,manufacturer_product_selector_api,Renesas Electronics Corporation,Renesas RL78/F14 exact product options,https://www.renesas.com/en/api/renesas-products/v1/options/1054261/36038209,revision:36038209;schema:987da1edb0d539655dc2cc43eb1dcd9f,2026-08-25T06:50:16+00:00,"Exact base part numbers, orderable codes, package data, lifecycle, memory, frequency, and peripheral fields."
renesas:options:rl78:rl78-f15@36038210,manufacturer_product_selector_api,Renesas Electronics Corporation,Renesas RL78/F15 exact product options,https://www.renesas.com/en/api/renesas-products/v1/options/1054266/36038210,revision:36038210;schema:ec945368df1addfde5eded41011d244f,2026-08-25T06:50:16+00:00,"Exact base part numbers, orderable codes, package data, lifecycle, memory, frequency, and peripheral fields."
renesas:options:rl78:rl78-f22@36062563,manufacturer_product_selector_api,Renesas Electronics Corporation,Renesas RL78/F22 exact product options,https://www.renesas.com/en/api/renesas-products/v1/options/25577111/36062563,revision:36062563;schema:3bfd1950c8578a046096dae8a0a8c9d1,2026-08-25T06:50:16+00:00,"Exact base part numbers, orderable codes, package data, lifecycle, memory, frequency, and peripheral fields."
renesas:options:rl78:rl78-f23@36062564,manufacturer_product_selector_api,Renesas Electronics Corporation,Renesas RL78/F23 exact product options,https://www.renesas.com/en/api/renesas-products/v1/options/1558731/36062564,revision:36062564;schema:e5c34c41296359953d36be4ded86988f,2026-08-25T06:50:16+00:00,"Exact base part numbers, orderable codes, package data, lifecycle, memory, frequency, and peripheral fields."
renesas:options:rl78:rl78-f24@36062565,manufacturer_product_selector_api,Renesas Electronics Corporation,Renesas RL78/F24 exact product options,https://www.renesas.com/en/api/renesas-products/v1/options/1552481/36062565,revision:36062565;schema:083e22a1dae29a2d22c4547bc2baa948,2026-08-25T06:50:16+00:00,"Exact base part numbers, orderable codes, package data, lifecycle, memory, frequency, and peripheral fields."
renesas:options:rl78:rl78-f25@36062566,manufacturer_product_selector_api,Renesas Electronics Corporation,Renesas RL78/F25 exact product options,https://www.renesas.com/en/api/renesas-products/v1/options/25575726/36062566,revision:36062566;schema:f9344bbb4fd834e4f874252dd94cfb48,2026-08-25T06:50:16+00:00,"Exact base part numbers, orderable codes, package data, lifecycle, memory, frequency, and peripheral fields."
renesas:options:rl78:rl78-g10@36038216,manufacturer_product_selector_api,Renesas Electronics Corporation,Renesas RL78/G10 exact product options,https://www.renesas.com/en/api/renesas-products/v1/options/1054271/36038216,revision:36038216;schema:e720c42613b2444717140f1198953967,2026-08-25T06:50:16+00:00,"Exact base part numbers, orderable codes, package data, lifecycle, memory, frequency, and peripheral fields."
renesas:options:rl78:rl78-g11@36038217,manufacturer_product_selector_api,Renesas Electronics Corporation,Renesas RL78/G11 exact product options,https://www.renesas.com/en/api/renesas-products/v1/options/1054276/36038217,revision:36038217;schema:ed61cea047c7883d77e73cdfc2d368fc,2026-08-25T06:50:16+00:00,"Exact base part numbers, orderable codes, package data, lifecycle, memory, frequency, and peripheral fields."
renesas:options:rl78:rl78-g12@36038218,manufacturer_product_selector_api,Renesas Electronics Corporation,Renesas RL78/G12 exact product options,https://www.renesas.com/en/api/renesas-products/v1/options/1054281/36038218,revision:36038218;schema:e2bbc79229d9d5a505aee03fb69e0868,2026-08-25T06:50:16+00:00,"Exact base part numbers, orderable codes, package data, lifecycle, memory, frequency, and peripheral fields."
renesas:options:rl78:rl78-g13@36038219,manufacturer_product_selector_api,Renesas Electronics Corporation,Renesas RL78/G13 exact product options,https://www.renesas.com/en/api/renesas-products/v1/options/1054286/36038219,revision:36038219;schema:bc1f337708241a728648484658f17382,2026-08-25T06:50:16+00:00,"Exact base part numbers, orderable codes, package data, lifecycle, memory, frequency, and peripheral fields."
renesas:options:rl78:rl78-g13a@36038220,manufacturer_product_selector_api,Renesas Electronics Corporation,Renesas RL78/G13A exact product options,https://www.renesas.com/en/api/renesas-products/v1/options/1054291/36038220,revision:36038220;schema:2c3bb9dd654c2d4e9283b12efb86ae9f,2026-08-25T06:50:16+00:00,"Exact base part numbers, orderable codes, package data, lifecycle, memory, frequency, and peripheral fields."
renesas:options:rl78:rl78-g14@36038221,manufacturer_product_selector_api,Renesas Electronics Corporation,Renesas RL78/G14 exact product options,https://www.renesas.com/en/api/renesas-products/v1/options/1054296/36038221,revision:36038221;schema:9ae461430fdd6436bf814e79fa413349,2026-08-25T06:50:16+00:00,"Exact base part numbers, orderable codes, package data, lifecycle, memory, frequency, and peripheral fields."
renesas:options:rl78:rl78-g15@36062567,manufacturer_product_selector_api,Renesas Electronics Corporation,Renesas RL78/G15 exact product options,https://www.renesas.com/en/api/renesas-products/v1/options/9312321/36062567,revision:36062567;schema:682498f7ea3b5f119aacac1e03d27c21,2026-08-25T06:50:16+00:00,"Exact base part numbers, orderable codes, package data, lifecycle, memory, frequency, and peripheral fields."
renesas:options:rl78:rl78-g16@36062568,manufacturer_product_selector_api,Renesas Electronics Corporation,Renesas RL78/G16 exact product options,https://www.renesas.com/en/api/renesas-products/v1/options/25428046/36062568,revision:36062568;schema:7f0a53a5852f833b3a9b814502ce3549,2026-08-25T06:50:16+00:00,"Exact base part numbers, orderable codes, package data, lifecycle, memory, frequency, and peripheral fields."
renesas:options:rl78:rl78-g1a@36038224,manufacturer_product_selector_api,Renesas Electronics Corporation,Renesas RL78/G1A exact product options,https://www.renesas.com/en/api/renesas-products/v1/options/1054301/36038224,revision:36038224;schema:9124b9cea9a6dedab16a595a6630dea0,2026-08-25T06:50:16+00:00,"Exact base part numbers, orderable codes, package data, lifecycle, memory, frequency, and peripheral fields."
renesas:options:rl78:rl78-g1c@36038225,manufacturer_product_selector_api,Renesas Electronics Corporation,Renesas RL78/G1C exact product options,https://www.renesas.com/en/api/renesas-products/v1/options/1054306/36038225,revision:36038225;schema:84b5942cf819411601ca67a77564c459,2026-08-25T06:50:16+00:00,"Exact base part numbers, orderable codes, package data, lifecycle, memory, frequency, and peripheral fields."
renesas:options:rl78:rl78-g1f@36038228,manufacturer_product_selector_api,Renesas Electronics Corporation,Renesas RL78/G1F exact product options,https://www.renesas.com/en/api/renesas-products/v1/options/1054321/36038228,revision:36038228;schema:f7fcd24cd7bcc1d166f45bec937d65f2,2026-08-25T06:50:16+00:00,"Exact base part numbers, orderable codes, package data, lifecycle, memory, frequency, and peripheral fields."
renesas:options:rl78:rl78-g1g@36038229,manufacturer_product_selector_api,Renesas Electronics Corporation,Renesas RL78/G1G exact product options,https://www.renesas.com/en/api/renesas-products/v1/options/1054326/36038229,revision:36038229;schema:475775c590fba21771538ab38bc75df3,2026-08-25T06:50:16+00:00,"Exact base part numbers, orderable codes, package data, lifecycle, memory, frequency, and peripheral fields."
renesas:options:rl78:rl78-g1h@36038230,manufacturer_product_selector_api,Renesas Electronics Corporation,Renesas RL78/G1H exact product options,https://www.renesas.com/en/api/renesas-products/v1/options/1054331/36038230,revision:36038230;schema:a97f8db1a820afa2b392f93dab370acd,2026-08-25T06:50:16+00:00,"Exact base part numbers, orderable codes, package data, lifecycle, memory, frequency, and peripheral fields."
renesas:options:rl78:rl78-g1m@36038231,manufacturer_product_selector_api,Renesas Electronics Corporation,Renesas RL78/G1M exact product options,https://www.renesas.com/en/api/renesas-products/v1/options/1333781/36038231,revision:36038231;schema:790ad635e88f65752e03b89fc578984f,2026-08-25T06:50:16+00:00,"Exact base part numbers, orderable codes, package data, lifecycle, memory, frequency, and peripheral fields."
renesas:options:rl78:rl78-g1n@36038232,manufacturer_product_selector_api,Renesas Electronics Corporation,Renesas RL78/G1N exact product options,https://www.renesas.com/en/api/renesas-products/v1/options/1333786/36038232,revision:36038232;schema:04f90a4e2feffcec8425ddde70199d5c,2026-08-25T06:50:16+00:00,"Exact base part numbers, orderable codes, package data, lifecycle, memory, frequency, and peripheral fields."
renesas:options:rl78:rl78-g1p@36038233,manufacturer_product_selector_api,Renesas Electronics Corporation,Renesas RL78/G1P exact product options,https://www.renesas.com/en/api/renesas-products/v1/options/1170186/36038233,revision:36038233;schema:4d212448a96b132dd6a3f3ca405f9526,2026-08-25T06:50:16+00:00,"Exact base part numbers, orderable codes, package data, lifecycle, memory, frequency, and peripheral fields."
renesas:options:rl78:rl78-g22@36062569,manufacturer_product_selector_api,Renesas Electronics Corporation,Renesas RL78/G22 exact product options,https://www.renesas.com/en/api/renesas-products/v1/options/25408646/36062569,revision:36062569;schema:2717fcc70508de040d24c0fb04c3b6f3,2026-08-25T06:50:16+00:00,"Exact base part numbers, orderable codes, package data, lifecycle, memory, frequency, and peripheral fields."
renesas:options:rl78:rl78-g23@36063288,manufacturer_product_selector_api,Renesas Electronics Corporation,Renesas RL78/G23 exact product options,https://www.renesas.com/en/api/renesas-products/v1/options/1496636/36063288,revision:36063288;schema:de42341e08a33a451a4f771201696887,2026-08-25T06:50:16+00:00,"Exact base part numbers, orderable codes, package data, lifecycle, memory, frequency, and peripheral fields."
renesas:options:rl78:rl78-g24@36062571,manufacturer_product_selector_api,Renesas Electronics Corporation,Renesas RL78/G24 exact product options,https://www.renesas.com/en/api/renesas-products/v1/options/25442531/36062571,revision:36062571;schema:6ce525e61d8c7ec07b8a3d8b82fdaaee,2026-08-25T06:50:16+00:00,"Exact base part numbers, orderable codes, package data, lifecycle, memory, frequency, and peripheral fields."
renesas:options:rl78:rl78-h1d@36038237,manufacturer_product_selector_api,Renesas Electronics Corporation,Renesas RL78/H1D exact product options,https://www.renesas.com/en/api/renesas-products/v1/options/1054336/36038237,revision:36038237;schema:c77465d4b2e38903a9f50ed199deb016,2026-08-25T06:50:16+00:00,"Exact base part numbers, orderable codes, package data, lifecycle, memory, frequency, and peripheral fields."
renesas:options:rl78:rl78-i1a@36038238,manufacturer_product_selector_api,Renesas Electronics Corporation,Renesas RL78/I1A exact product options,https://www.renesas.com/en/api/renesas-products/v1/options/479536/36038238,revision:36038238;schema:fcf973e253207efb9414b738c48cf8b3,2026-08-25T06:50:16+00:00,"Exact base part numbers, orderable codes, package data, lifecycle, memory, frequency, and peripheral fields."
renesas:options:rl78:rl78-i1b@36038239,manufacturer_product_selector_api,Renesas Electronics Corporation,Renesas RL78/I1B exact product options,https://www.renesas.com/en/api/renesas-products/v1/options/479541/36038239,revision:36038239;schema:4fa7802328abce53fc97ce4e3810575e,2026-08-25T06:50:16+00:00,"Exact base part numbers, orderable codes, package data, lifecycle, memory, frequency, and peripheral fields."
renesas:options:rl78:rl78-i1c@36038240,manufacturer_product_selector_api,Renesas Electronics Corporation,Renesas RL78/I1C exact product options,https://www.renesas.com/en/api/renesas-products/v1/options/479546/36038240,revision:36038240;schema:d97fd2c34ed39a794f5f5a27f44bfe7d,2026-08-25T06:50:16+00:00,"Exact base part numbers, orderable codes, package data, lifecycle, memory, frequency, and peripheral fields."
renesas:options:rl78:rl78-i1d@36038241,manufacturer_product_selector_api,Renesas Electronics Corporation,Renesas RL78/I1D exact product options,https://www.renesas.com/en/api/renesas-products/v1/options/479551/36038241,revision:36038241;schema:baee6b182db7584eca708a1cf7cf5721,2026-08-25T06:50:16+00:00,"Exact base part numbers, orderable codes, package data, lifecycle, memory, frequency, and peripheral fields."
renesas:options:rl78:rl78-i1e@36038242,manufacturer_product_selector_api,Renesas Electronics Corporation,Renesas RL78/I1E exact product options,https://www.renesas.com/en/api/renesas-products/v1/options/479556/36038242,revision:36038242;schema:a03e659570cc2384a1831ac90ed70da6,2026-08-25T06:50:16+00:00,"Exact base part numbers, orderable codes, package data, lifecycle, memory, frequency, and peripheral fields."
renesas:options:rl78:rl78-l12@36038243,manufacturer_product_selector_api,Renesas Electronics Corporation,Renesas RL78/L12 exact product options,https://www.renesas.com/en/api/renesas-products/v1/options/479561/36038243,revision:36038243;schema:9ffadf63d429f8270186a504a7de0d40,2026-08-25T06:50:16+00:00,"Exact base part numbers, orderable codes, package data, lifecycle, memory, frequency, and peripheral fields."
renesas:options:rl78:rl78-l13@36038244,manufacturer_product_selector_api,Renesas Electronics Corporation,Renesas RL78/L13 exact product options,https://www.renesas.com/en/api/renesas-products/v1/options/479566/36038244,revision:36038244;schema:b26a9f81cc07ed0ca8eba4b739b8ba98,2026-08-25T06:50:16+00:00,"Exact base part numbers, orderable codes, package data, lifecycle, memory, frequency, and peripheral fields."
renesas:options:rl78:rl78-l1a@36038245,manufacturer_product_selector_api,Renesas Electronics Corporation,Renesas RL78/L1A exact product options,https://www.renesas.com/en/api/renesas-products/v1/options/479571/36038245,revision:36038245;schema:7d47cff5b132c297714eaa6c6f57489f,2026-08-25T06:50:16+00:00,"Exact base part numbers, orderable codes, package data, lifecycle, memory, frequency, and peripheral fields."
renesas:options:rl78:rl78-l1c@36038246,manufacturer_product_selector_api,Renesas Electronics Corporation,Renesas RL78/L1C exact product options,https://www.renesas.com/en/api/renesas-products/v1/options/479576/36038246,revision:36038246;schema:ba3b70bbc44196e88df45fb13a169e11,2026-08-25T06:50:16+00:00,"Exact base part numbers, orderable codes, package data, lifecycle, memory, frequency, and peripheral fields."
renesas:options:rl78:rl78-l23@36062572,manufacturer_product_selector_api,Renesas Electronics Corporation,Renesas RL78/L23 exact product options,https://www.renesas.com/en/api/renesas-products/v1/options/25575210/36062572,revision:36062572;schema:0d59e041188a11851c6ec7144c7c9212,2026-08-25T06:50:16+00:00,"Exact base part numbers, orderable codes, package data, lifecycle, memory, frequency, and peripheral fields."
renesas:options:rx:rx110@36038248,manufacturer_product_selector_api,Renesas Electronics Corporation,Renesas RX110 exact product options,https://www.renesas.com/en/api/renesas-products/v1/options/1054341/36038248,revision:36038248;schema:6943c0e7eaa609dae8da2ce5c6edfe0d,2026-08-25T06:50:16+00:00,"Exact base part numbers, orderable codes, package data, lifecycle, memory, frequency, and peripheral fields."
renesas:options:rx:rx111@36038249,manufacturer_product_selector_api,Renesas Electronics Corporation,Renesas RX111 exact product options,https://www.renesas.com/en/api/renesas-products/v1/options/1054346/36038249,revision:36038249;schema:b21641e4114df8338d26314fa6618577,2026-08-25T06:50:16+00:00,"Exact base part numbers, orderable codes, package data, lifecycle, memory, frequency, and peripheral fields."
renesas:options:rx:rx113@36061381,manufacturer_product_selector_api,Renesas Electronics Corporation,Renesas RX113 exact product options,https://www.renesas.com/en/api/renesas-products/v1/options/1054351/36061381,revision:36061381;schema:918cfb47ec5638d848746441d154dc51,2026-08-25T06:50:16+00:00,"Exact base part numbers, orderable codes, package data, lifecycle, memory, frequency, and peripheral fields."
renesas:options:rx:rx130@36061382,manufacturer_product_selector_api,Renesas Electronics Corporation,Renesas RX130 exact product options,https://www.renesas.com/en/api/renesas-products/v1/options/1054356/36061382,revision:36061382;schema:9843df26004e1705e5f8881d0529c621,2026-08-25T06:50:16+00:00,"Exact base part numbers, orderable codes, package data, lifecycle, memory, frequency, and peripheral fields."
renesas:options:rx:rx13t@36038252,manufacturer_product_selector_api,Renesas Electronics Corporation,Renesas RX13T exact product options,https://www.renesas.com/en/api/renesas-products/v1/options/1170191/36038252,revision:36038252;schema:3ce3cae0c6ccca920d2b376d974683f6,2026-08-25T06:50:16+00:00,"Exact base part numbers, orderable codes, package data, lifecycle, memory, frequency, and peripheral fields."
renesas:options:rx:rx140@36061383,manufacturer_product_selector_api,Renesas Electronics Corporation,Renesas RX140 exact product options,https://www.renesas.com/en/api/renesas-products/v1/options/1531576/36061383,revision:36061383;schema:a7b1c0dd9d8a38c508e03f2259d90300,2026-08-25T06:50:16+00:00,"Exact base part numbers, orderable codes, package data, lifecycle, memory, frequency, and peripheral fields."
renesas:options:rx:rx14t@36038254,manufacturer_product_selector_api,Renesas Electronics Corporation,Renesas RX14T exact product options,https://www.renesas.com/en/api/renesas-products/v1/options/25610999/36038254,revision:36038254;schema:7a37d7f27abd4036c7ba3c5a3ca3b0f4,2026-08-25T06:50:16+00:00,"Exact base part numbers, orderable codes, package data, lifecycle, memory, frequency, and peripheral fields."
renesas:options:rx:rx230@36061384,manufacturer_product_selector_api,Renesas Electronics Corporation,Renesas RX230 exact product options,https://www.renesas.com/en/api/renesas-products/v1/options/1054376/36061384,revision:36061384;schema:e9921e99ffcfb0c52cf86147a19eae14,2026-08-25T06:50:16+00:00,"Exact base part numbers, orderable codes, package data, lifecycle, memory, frequency, and peripheral fields."
renesas:options:rx:rx231@36061385,manufacturer_product_selector_api,Renesas Electronics Corporation,Renesas RX231 exact product options,https://www.renesas.com/en/api/renesas-products/v1/options/1054381/36061385,revision:36061385;schema:c72d234a1c6742ca3f1e673731db330f,2026-08-25T06:50:16+00:00,"Exact base part numbers, orderable codes, package data, lifecycle, memory, frequency, and peripheral fields."
renesas:options:rx:rx23e-a@36038260,manufacturer_product_selector_api,Renesas Electronics Corporation,Renesas RX23E-A exact product options,https://www.renesas.com/en/api/renesas-products/v1/options/1054386/36038260,revision:36038260;schema:ff2cdd6f320b9a5ca160ad0c0372d711,2026-08-25T06:50:16+00:00,"Exact base part numbers, orderable codes, package data, lifecycle, memory, frequency, and peripheral fields."
renesas:options:rx:rx23e-b@36038261,manufacturer_product_selector_api,Renesas Electronics Corporation,Renesas RX23E-B exact product options,https://www.renesas.com/en/api/renesas-products/v1/options/25450406/36038261,revision:36038261;schema:187229c87edaaae84155bfa33c8eb8aa,2026-08-25T06:50:16+00:00,"Exact base part numbers, orderable codes, package data, lifecycle, memory, frequency, and peripheral fields."
renesas:options:rx:rx23t@36038262,manufacturer_product_selector_api,Renesas Electronics Corporation,Renesas RX23T exact product options,https://www.renesas.com/en/api/renesas-products/v1/options/1054391/36038262,revision:36038262;schema:48c836a748a691c8206fa18c0510012e,2026-08-25T06:50:16+00:00,"Exact base part numbers, orderable codes, package data, lifecycle, memory, frequency, and peripheral fields."
renesas:options:rx:rx24t@36038264,manufacturer_product_selector_api,Renesas Electronics Corporation,Renesas RX24T exact product options,https://www.renesas.com/en/api/renesas-products/v1/options/1054396/36038264,revision:36038264;schema:75853fe5fc42e0c539ea3b0f989b6155,2026-08-25T06:50:16+00:00,"Exact base part numbers, orderable codes, package data, lifecycle, memory, frequency, and peripheral fields."
renesas:options:rx:rx24u@36038265,manufacturer_product_selector_api,Renesas Electronics Corporation,Renesas RX24U exact product options,https://www.renesas.com/en/api/renesas-products/v1/options/1054401/36038265,revision:36038265;schema:ca2ed4402be62106761df3e5ffb45ba4,2026-08-25T06:50:16+00:00,"Exact base part numbers, orderable codes, package data, lifecycle, memory, frequency, and peripheral fields."
renesas:options:rx:rx260@36061387,manufacturer_product_selector_api,Renesas Electronics Corporation,Renesas RX260 exact product options,https://www.renesas.com/en/api/renesas-products/v1/options/25565706/36061387,revision:36061387;schema:d25042b214f1fb08a2e3c3b529ef09bd,2026-08-25T06:50:16+00:00,"Exact base part numbers, orderable codes, package data, lifecycle, memory, frequency, and peripheral fields."
renesas:options:rx:rx261@36061388,manufacturer_product_selector_api,Renesas Electronics Corporation,Renesas RX261 exact product options,https://www.renesas.com/en/api/renesas-products/v1/options/25565707/36061388,revision:36061388;schema:5ad2b18c9494475382c6aec3649883f2,2026-08-25T06:50:16+00:00,"Exact base part numbers, orderable codes, package data, lifecycle, memory, frequency, and peripheral fields."
renesas:options:rx:rx26t@36038268,manufacturer_product_selector_api,Renesas Electronics Corporation,Renesas RX26T exact product options,https://www.renesas.com/en/api/renesas-products/v1/options/25424951/36038268,revision:36038268;schema:22e027c1159a9ab638404c024c9ae96c,2026-08-25T06:50:16+00:00,"Exact base part numbers, orderable codes, package data, lifecycle, memory, frequency, and peripheral fields."
renesas:options:rx:rx64m@36038279,manufacturer_product_selector_api,Renesas Electronics Corporation,Renesas RX64M exact product options,https://www.renesas.com/en/api/renesas-products/v1/options/1054456/36038279,revision:36038279;schema:cc3cd1244126c5e1b606f5f318db8c71,2026-08-25T06:50:16+00:00,"Exact base part numbers, orderable codes, package data, lifecycle, memory, frequency, and peripheral fields."
renesas:options:rx:rx651@36038280,manufacturer_product_selector_api,Renesas Electronics Corporation,Renesas RX651 exact product options,https://www.renesas.com/en/api/renesas-products/v1/options/1054461/36038280,revision:36038280;schema:6cc88577091d763304db42314da4e11c,2026-08-25T06:50:16+00:00,"Exact base part numbers, orderable codes, package data, lifecycle, memory, frequency, and peripheral fields."
renesas:options:rx:rx65n@36038281,manufacturer_product_selector_api,Renesas Electronics Corporation,Renesas RX65N exact product options,https://www.renesas.com/en/api/renesas-products/v1/options/1054466/36038281,revision:36038281;schema:fab0effa4ff010ea9098d73075224e29,2026-08-25T06:50:16+00:00,"Exact base part numbers, orderable codes, package data, lifecycle, memory, frequency, and peripheral fields."
renesas:options:rx:rx65w-a@36038282,manufacturer_product_selector_api,Renesas Electronics Corporation,Renesas RX65W-A exact product options,https://www.renesas.com/en/api/renesas-products/v1/options/25418821/36038282,revision:36038282;schema:a3167ad2c4f56441faf657f0960ff509,2026-08-25T06:50:16+00:00,"Exact base part numbers, orderable codes, package data, lifecycle, memory, frequency, and peripheral fields."
renesas:options:rx:rx660@36038283,manufacturer_product_selector_api,Renesas Electronics Corporation,Renesas RX660 exact product options,https://www.renesas.com/en/api/renesas-products/v1/options/1618106/36038283,revision:36038283;schema:0d2568874419de98cb854ae366c56f0a,2026-08-25T06:50:16+00:00,"Exact base part numbers, orderable codes, package data, lifecycle, memory, frequency, and peripheral fields."
renesas:options:rx:rx66n@36038284,manufacturer_product_selector_api,Renesas Electronics Corporation,Renesas RX66N exact product options,https://www.renesas.com/en/api/renesas-products/v1/options/1170201/36038284,revision:36038284;schema:b38218409e73b7eeb8844b8c6cb0956e,2026-08-25T06:50:16+00:00,"Exact base part numbers, orderable codes, package data, lifecycle, memory, frequency, and peripheral fields."
renesas:options:rx:rx66t@36038285,manufacturer_product_selector_api,Renesas Electronics Corporation,Renesas RX66T exact product options,https://www.renesas.com/en/api/renesas-products/v1/options/1054471/36038285,revision:36038285;schema:219a85a754285e8b20df527f04dd6185,2026-08-25T06:50:16+00:00,"Exact base part numbers, orderable codes, package data, lifecycle, memory, frequency, and peripheral fields."
renesas:options:rx:rx671@36061389,manufacturer_product_selector_api,Renesas Electronics Corporation,Renesas RX671 exact product options,https://www.renesas.com/en/api/renesas-products/v1/options/1527301/36061389,revision:36061389;schema:2eb6898a8c838e18a8d34682f7ae6e26,2026-08-25T06:50:16+00:00,"Exact base part numbers, orderable codes, package data, lifecycle, memory, frequency, and peripheral fields."
renesas:options:rx:rx71m@36038287,manufacturer_product_selector_api,Renesas Electronics Corporation,Renesas RX71M exact product options,https://www.renesas.com/en/api/renesas-products/v1/options/1054476/36038287,revision:36038287;schema:05588c7db1d53a28d42d311f0cda1202,2026-08-25T06:50:16+00:00,"Exact base part numbers, orderable codes, package data, lifecycle, memory, frequency, and peripheral fields."
renesas:options:rx:rx72m@36038288,manufacturer_product_selector_api,Renesas Electronics Corporation,Renesas RX72M exact product options,https://www.renesas.com/en/api/renesas-products/v1/options/1054481/36038288,revision:36038288;schema:91020aef71bc69f2b4f69d3b4c80fe45,2026-08-25T06:50:16+00:00,"Exact base part numbers, orderable codes, package data, lifecycle, memory, frequency, and peripheral fields."
renesas:options:rx:rx72n@36038289,manufacturer_product_selector_api,Renesas Electronics Corporation,Renesas RX72N exact product options,https://www.renesas.com/en/api/renesas-products/v1/options/1170206/36038289,revision:36038289;schema:ceb8c74c3fbb43a4d25a3dbbb87f954f,2026-08-25T06:50:16+00:00,"Exact base part numbers, orderable codes, package data, lifecycle, memory, frequency, and peripheral fields."
renesas:options:rx:rx72t@36038290,manufacturer_product_selector_api,Renesas Electronics Corporation,Renesas RX72T exact product options,https://www.renesas.com/en/api/renesas-products/v1/options/1054486/36038290,revision:36038290;schema:00f145541a64518fc585b51ee8d653e0,2026-08-25T06:50:16+00:00,"Exact base part numbers, orderable codes, package data, lifecycle, memory, frequency, and peripheral fields."
renesas:options:synergy:s124@36061390,manufacturer_product_selector_api,Renesas Electronics Corporation,Renesas S124 exact product options,https://www.renesas.com/en/api/renesas-products/v1/options/1054581/36061390,revision:36061390;schema:a2cbfbe49064e1590316e05354702a36,2026-08-25T06:50:16+00:00,"Exact base part numbers, orderable codes, package data, lifecycle, memory, frequency, and peripheral fields."
renesas:options:synergy:s128@36061391,manufacturer_product_selector_api,Renesas Electronics Corporation,Renesas S128 exact product options,https://www.renesas.com/en/api/renesas-products/v1/options/1054586/36061391,revision:36061391;schema:1ea5787f720d9aad4db9124cb9ac33c9,2026-08-25T06:50:16+00:00,"Exact base part numbers, orderable codes, package data, lifecycle, memory, frequency, and peripheral fields."
renesas:options:synergy:s1ja@36061392,manufacturer_product_selector_api,Renesas Electronics Corporation,Renesas S1JA exact product options,https://www.renesas.com/en/api/renesas-products/v1/options/1054591/36061392,revision:36061392;schema:fb91654f949f922a627442c507410221,2026-08-25T06:50:16+00:00,"Exact base part numbers, orderable codes, package data, lifecycle, memory, frequency, and peripheral fields."
renesas:options:synergy:s3a3@36061394,manufacturer_product_selector_api,Renesas Electronics Corporation,Renesas S3A3 exact product options,https://www.renesas.com/en/api/renesas-products/v1/options/1054601/36061394,revision:36061394;schema:7753969bad93e235f7df0844683eb883,2026-08-25T06:50:16+00:00,"Exact base part numbers, orderable codes, package data, lifecycle, memory, frequency, and peripheral fields."
renesas:options:synergy:s3a6@36061395,manufacturer_product_selector_api,Renesas Electronics Corporation,Renesas S3A6 exact product options,https://www.renesas.com/en/api/renesas-products/v1/options/1054606/36061395,revision:36061395;schema:70f809217f337707753222c21a6d579d,2026-08-25T06:50:16+00:00,"Exact base part numbers, orderable codes, package data, lifecycle, memory, frequency, and peripheral fields."
renesas:options:synergy:s5d3@36061397,manufacturer_product_selector_api,Renesas Electronics Corporation,Renesas S5D3 exact product options,https://www.renesas.com/en/api/renesas-products/v1/options/1054616/36061397,revision:36061397;schema:8524de7fdde221095986f555b36180d2,2026-08-25T06:50:16+00:00,"Exact base part numbers, orderable codes, package data, lifecycle, memory, frequency, and peripheral fields."
renesas:options:synergy:s5d5@36061398,manufacturer_product_selector_api,Renesas Electronics Corporation,Renesas S5D5 exact product options,https://www.renesas.com/en/api/renesas-products/v1/options/1054621/36061398,revision:36061398;schema:3d9d9c9d4c05127eb4d3fef8114be09b,2026-08-25T06:50:16+00:00,"Exact base part numbers, orderable codes, package data, lifecycle, memory, frequency, and peripheral fields."
renesas:options:synergy:s5d9@36061399,manufacturer_product_selector_api,Renesas Electronics Corporation,Renesas S5D9 exact product options,https://www.renesas.com/en/api/renesas-products/v1/options/1054626/36061399,revision:36061399;schema:185c2268140a7986d5512e00c472c69a,2026-08-25T06:50:16+00:00,"Exact base part numbers, orderable codes, package data, lifecycle, memory, frequency, and peripheral fields."
renesas:options:synergy:s7g2@36061400,manufacturer_product_selector_api,Renesas Electronics Corporation,Renesas S7G2 exact product options,https://www.renesas.com/en/api/renesas-products/v1/options/1054631/36061400,revision:36061400;schema:1d49c7735165818ce8b720e78be3fffa,2026-08-25T06:50:16+00:00,"Exact base part numbers, orderable codes, package data, lifecycle, memory, frequency, and peripheral fields."
renesas:selector:ra@0e289a21a96372ffd2a9f439ab6ffd1a,manufacturer_product_selector_api,Renesas Electronics Corporation,Renesas RA MCU product selector,https://www.renesas.com/en/api/renesas-products/v1/selector/25544681/35759756,revision:35759756;schema:0e289a21a96372ffd2a9f439ab6ffd1a,2026-08-25T06:50:16+00:00,Official product groups and full orderable part numbers in the live selector snapshot.
renesas:selector:rh850@8e2a84b400cd408f50663f2bcd40acd4,manufacturer_product_selector_api,Renesas Electronics Corporation,Renesas RH850 MCU product selector,https://www.renesas.com/en/api/renesas-products/v1/selector/25544696/35759763,revision:35759763;schema:8e2a84b400cd408f50663f2bcd40acd4,2026-08-25T06:50:16+00:00,Official product groups and full orderable part numbers in the live selector snapshot.
renesas:selector:riscv@22880b3e9c815ad9b716aeb498271491,manufacturer_product_selector_api,Renesas Electronics Corporation,Renesas Renesas RISC-V MCU product selector,https://www.renesas.com/en/api/renesas-products/v1/selector/25546116/35759761,revision:35759761;schema:22880b3e9c815ad9b716aeb498271491,2026-08-25T06:50:16+00:00,Official product groups and full orderable part numbers in the live selector snapshot.
renesas:selector:rl78@fbb9a4bd0f170ddcdfca8c65d801c63f,manufacturer_product_selector_api,Renesas Electronics Corporation,Renesas RL78 MCU product selector,https://www.renesas.com/en/api/renesas-products/v1/selector/25544686/35759764,revision:35759764;schema:fbb9a4bd0f170ddcdfca8c65d801c63f,2026-08-25T06:50:16+00:00,Official product groups and full orderable part numbers in the live selector snapshot.
renesas:selector:rx@8c13177eb118a98c4ebfb2bfa822187d,manufacturer_product_selector_api,Renesas Electronics Corporation,Renesas RX MCU product selector,https://www.renesas.com/en/api/renesas-products/v1/selector/25544691/35759767,revision:35759767;schema:8c13177eb118a98c4ebfb2bfa822187d,2026-08-25T06:50:16+00:00,Official product groups and full orderable part numbers in the live selector snapshot.
renesas:selector:synergy@ec21880c2c635791f315915e0e036f48,manufacturer_product_selector_api,Renesas Electronics Corporation,Renesas Synergy MCU product selector,https://www.renesas.com/en/api/renesas-products/v1/selector/25544701/35759766,revision:35759766;schema:ec21880c2c635791f315915e0e036f48,2026-08-25T06:50:16+00:00,Official product groups and full orderable part numbers in the live selector snapshot.
